project_id,name,state,district,project_type,land_area_hectares,affected_families,compensation_percentage,approval_delay_days,legal_disputes_count,documentation_complete,notification_complete,possession_percentage,rehabilitation_percentage,stakeholder_responsiveness,historical_district_delay_score,current_stage,actual_delay_days,delayed_flag
LA-JH-2026-0042,Ranchi-Jamshedpur 4-Lane Industrial Expressway Corridor (NH-33 Extension),Jharkhand,Ranchi,Highways & Expressways,450.0,620,29.0,68,4,False,True,22.0,18.0,Low,7.4,Compensation Disbursement,74,1
LA-MA-2026-0043,Pune Bypass 6-Lane Expressway Expansion,Maharashtra,Pune,Highways & Expressways,127.2,170,76.6,22,0,True,True,80.2,51.3,High,4.1,Final Acquisition Complete,4,0
LA-MA-2026-0044,Jabalpur Multimodal Logistics Hub & Industrial Township,Madhya Pradesh,Jabalpur,Industrial Corridors & SEZ,424.8,344,46.9,43,5,True,True,13.7,19.8,Low,6.1,Rehabilitation & Resettlement (R&R),114,1
LA-MA-2026-0045,Nashik Ring-Rail & Transit Oriented Development,Maharashtra,Nashik,Urban Metros & Smart Cities,703.4,1342,39.8,58,0,True,True,21.6,19.0,Medium,5.2,Compensation Disbursement,58,0
LA-TA-2026-0046,Coimbatore Multimodal Logistics Hub & Industrial Township,Tamil Nadu,Coimbatore,Industrial Corridors & SEZ,740.7,623,2.5,40,1,False,True,0.0,0.0,High,3.6,Notification (Sec 11),96,1
LA-TA-2026-0047,Chennai Block-IV Mineral Extraction & Processing Node,Tamil Nadu,Chennai,Mining & Coal Exploration,272.9,651,4.7,25,2,False,True,0.0,0.0,High,4.4,Notification (Sec 11),102,1
LA-UT-2026-0048,Varanasi Multi-Village Barrage & Micro-Irrigation Canal,Uttar Pradesh,Varanasi,Irrigation & Water Reservoirs,450.3,1123,57.1,64,1,True,True,40.2,58.1,High,6.0,Rehabilitation & Resettlement (R&R),76,0
LA-GU-2026-0049,Rajkot Bypass 6-Lane Expressway Expansion,Gujarat,Rajkot,Highways & Expressways,826.0,1300,9.6,27,1,True,True,0.0,0.0,Medium,4.5,Notification (Sec 11),62,1
LA-AN-2026-0050,Vijayawada Ring-Rail & Transit Oriented Development,Andhra Pradesh,Vijayawada,Urban Metros & Smart Cities,740.5,596,86.2,19,0,True,True,91.1,76.5,Medium,4.5,Final Acquisition Complete,4,0
LA-MA-2026-0051,Thane Bypass 6-Lane Expressway Expansion,Maharashtra,Thane,Highways & Expressways,1056.7,2529,27.0,65,1,True,True,1.0,15.2,High,6.7,Objection / Legal Hearing (Sec 15),99,1
LA-GU-2026-0052,Surat Multimodal Logistics Hub & Industrial Township,Gujarat,Surat,Industrial Corridors & SEZ,493.8,910,41.5,7,2,True,True,6.8,5.0,High,3.7,Compensation Assessment,23,0
LA-OD-2026-0053,Bhubaneswar Bypass 6-Lane Expressway Expansion,Odisha,Bhubaneswar,Highways & Expressways,108.3,105,38.9,70,1,False,True,15.3,61.8,High,4.5,Compensation Disbursement,114,1
LA-MA-2026-0054,Nashik Bypass 6-Lane Expressway Expansion,Maharashtra,Nashik,Highways & Expressways,96.2,188,1.6,34,0,True,True,0.0,0.0,High,5.5,Notification (Sec 11),47,0
LA-UT-2026-0055,Gorakhpur Ring-Rail & Transit Oriented Development,Uttar Pradesh,Gorakhpur,Urban Metros & Smart Cities,140.0,252,70.4,5,0,True,True,63.7,87.7,High,5.9,Final Acquisition Complete,0,0
LA-OD-2026-0056,Jharsuguda Multi-Village Barrage & Micro-Irrigation Canal,Odisha,Jharsuguda,Irrigation & Water Reservoirs,1113.7,2305,34.4,24,3,False,True,11.0,15.7,Medium,5.7,Compensation Assessment,107,1
LA-JH-2026-0057,Hazaribagh Bypass 6-Lane Expressway Expansion,Jharkhand,Hazaribagh,Highways & Expressways,615.8,1358,98.8,2,1,True,True,63.2,59.3,Medium,5.7,Possession (Sec 38),1,0
LA-OD-2026-0058,Balasore Ultra-Mega 500MW Solar Photovoltaic Park,Odisha,Balasore,Renewable Energy & Solar Parks,396.7,405,79.4,9,1,True,True,70.6,56.5,High,5.5,Final Acquisition Complete,6,0
LA-MA-2026-0059,Pune Bypass 6-Lane Expressway Expansion,Maharashtra,Pune,Highways & Expressways,275.5,283,96.4,14,0,True,True,95.2,68.5,High,5.0,Final Acquisition Complete,0,0
LA-JH-2026-0060,Hazaribagh Dedicated Freight Rail Freight Corridor & Terminal,Jharkhand,Hazaribagh,Railways & Dedicated Freight,160.6,114,19.5,69,2,True,True,9.1,14.4,High,6.3,Compensation Assessment,120,1
LA-JH-2026-0061,Ranchi Block-IV Mineral Extraction & Processing Node,Jharkhand,Ranchi,Mining & Coal Exploration,773.6,792,8.3,7,0,False,True,0.0,0.0,Low,6.9,Land Survey & Demarcation,76,1
LA-UT-2026-0062,Kanpur Multi-Village Barrage & Micro-Irrigation Canal,Uttar Pradesh,Kanpur,Irrigation & Water Reservoirs,74.1,91,14.6,13,1,True,True,0.0,0.0,Medium,6.0,Land Survey & Demarcation,50,1
LA-TA-2026-0063,Salem Dedicated Freight Rail Freight Corridor & Terminal,Tamil Nadu,Salem,Railways & Dedicated Freight,1172.0,2486,0.4,26,1,False,True,0.0,0.0,Medium,4.4,Land Survey & Demarcation,97,1
LA-MA-2026-0064,Nashik Ring-Rail & Transit Oriented Development,Maharashtra,Nashik,Urban Metros & Smart Cities,435.8,933,76.7,27,0,True,True,86.4,69.9,Low,4.8,Possession (Sec 38),15,0
LA-AN-2026-0065,Guntur Ultra-Mega 500MW Solar Photovoltaic Park,Andhra Pradesh,Guntur,Renewable Energy & Solar Parks,1128.6,824,36.6,65,5,True,True,48.5,28.3,Medium,5.4,Compensation Disbursement,125,1
LA-TA-2026-0066,Salem Ultra-Mega 500MW Solar Photovoltaic Park,Tamil Nadu,Salem,Renewable Energy & Solar Parks,324.3,621,42.4,51,1,False,True,8.1,14.4,High,3.9,Objection / Legal Hearing (Sec 15),91,1
LA-TA-2026-0067,Madurai Ultra-Mega 500MW Solar Photovoltaic Park,Tamil Nadu,Madurai,Renewable Energy & Solar Parks,808.6,931,29.4,43,1,True,True,2.9,13.3,High,4.6,Compensation Assessment,52,0
LA-JH-2026-0068,East Singhbhum Multimodal Logistics Hub & Industrial Township,Jharkhand,East Singhbhum,Industrial Corridors & SEZ,571.4,791,55.8,46,0,True,True,46.0,54.8,High,6.6,Compensation Disbursement,30,0
LA-TA-2026-0069,Chennai Dedicated Freight Rail Freight Corridor & Terminal,Tamil Nadu,Chennai,Railways & Dedicated Freight,198.1,117,31.4,29,4,False,True,11.5,9.1,High,4.8,Objection / Legal Hearing (Sec 15),108,1
LA-OD-2026-0070,Sambalpur Ring-Rail & Transit Oriented Development,Odisha,Sambalpur,Urban Metros & Smart Cities,939.6,881,10.4,35,0,False,True,0.0,0.0,Medium,6.7,Notification (Sec 11),86,1
LA-MA-2026-0071,Nashik Ultra-Mega 500MW Solar Photovoltaic Park,Maharashtra,Nashik,Renewable Energy & Solar Parks,1141.3,2605,71.8,70,1,False,True,30.2,56.5,High,5.1,Compensation Disbursement,100,1
LA-OD-2026-0072,Sundargarh Block-IV Mineral Extraction & Processing Node,Odisha,Sundargarh,Mining & Coal Exploration,116.0,124,79.6,12,0,True,True,81.6,56.9,Medium,7.2,Possession (Sec 38),3,0
LA-MA-2026-0073,Nashik Dedicated Freight Rail Freight Corridor & Terminal,Maharashtra,Nashik,Railways & Dedicated Freight,482.6,984,26.3,55,0,False,True,45.2,43.8,Medium,5.0,Rehabilitation & Resettlement (R&R),91,1
LA-GU-2026-0074,Surat Multi-Village Barrage & Micro-Irrigation Canal,Gujarat,Surat,Irrigation & Water Reservoirs,810.9,1699,79.6,85,3,True,True,46.8,64.0,High,3.5,Compensation Disbursement,107,1
LA-MA-2026-0075,Nashik Multi-Village Barrage & Micro-Irrigation Canal,Maharashtra,Nashik,Irrigation & Water Reservoirs,273.7,315,49.6,70,0,True,True,40.1,56.6,Low,4.7,Compensation Disbursement,78,1
LA-JH-2026-0076,East Singhbhum Bypass 6-Lane Expressway Expansion,Jharkhand,East Singhbhum,Highways & Expressways,1140.8,1025,2.3,42,2,True,False,0.0,0.0,Low,7.0,Preliminary Investigation,112,1
LA-OD-2026-0077,Jharsuguda Ultra-Mega 500MW Solar Photovoltaic Park,Odisha,Jharsuguda,Renewable Energy & Solar Parks,938.9,776,8.7,25,2,False,True,0.0,0.0,Medium,5.9,Notification (Sec 11),110,1
LA-OD-2026-0078,Bhubaneswar Ring-Rail & Transit Oriented Development,Odisha,Bhubaneswar,Urban Metros & Smart Cities,960.6,1567,8.0,4,1,False,True,0.0,0.0,High,5.0,Notification (Sec 11),59,1
LA-JH-2026-0079,Bokaro Multimodal Logistics Hub & Industrial Township,Jharkhand,Bokaro,Industrial Corridors & SEZ,856.1,1173,99.0,24,1,True,True,70.8,90.4,High,6.6,Possession (Sec 38),13,0
LA-AN-2026-0080,Guntur Multi-Village Barrage & Micro-Irrigation Canal,Andhra Pradesh,Guntur,Irrigation & Water Reservoirs,906.8,1486,21.8,50,1,True,True,7.4,6.5,Medium,4.5,Objection / Legal Hearing (Sec 15),82,1
LA-AN-2026-0081,Visakhapatnam Multi-Village Barrage & Micro-Irrigation Canal,Andhra Pradesh,Visakhapatnam,Irrigation & Water Reservoirs,677.3,664,91.4,7,0,True,True,77.9,50.9,High,3.8,Possession (Sec 38),0,0
LA-AN-2026-0082,Guntur Multimodal Logistics Hub & Industrial Township,Andhra Pradesh,Guntur,Industrial Corridors & SEZ,413.7,788,77.5,23,0,True,True,64.8,59.6,High,4.8,Final Acquisition Complete,0,0
LA-UT-2026-0083,Varanasi Ring-Rail & Transit Oriented Development,Uttar Pradesh,Varanasi,Urban Metros & Smart Cities,726.2,1787,78.9,17,1,True,True,74.4,65.1,Medium,6.0,Final Acquisition Complete,24,0
LA-JH-2026-0084,Hazaribagh Ring-Rail & Transit Oriented Development,Jharkhand,Hazaribagh,Urban Metros & Smart Cities,145.5,76,84.4,30,0,True,True,73.6,98.3,High,6.0,Possession (Sec 38),16,0
LA-MA-2026-0085,Nashik Dedicated Freight Rail Freight Corridor & Terminal,Maharashtra,Nashik,Railways & Dedicated Freight,978.1,2345,3.7,38,2,False,True,0.0,0.0,High,5.3,Land Survey & Demarcation,104,1
LA-OD-2026-0086,Balasore Ultra-Mega 500MW Solar Photovoltaic Park,Odisha,Balasore,Renewable Energy & Solar Parks,383.8,668,73.1,20,2,True,True,47.9,25.4,Medium,5.4,Rehabilitation & Resettlement (R&R),49,0
LA-MA-2026-0087,Nagpur Block-IV Mineral Extraction & Processing Node,Maharashtra,Nagpur,Mining & Coal Exploration,297.0,568,6.8,16,0,False,False,0.0,0.0,High,4.3,Preliminary Investigation,43,0
LA-OD-2026-0088,Jharsuguda Block-IV Mineral Extraction & Processing Node,Odisha,Jharsuguda,Mining & Coal Exploration,108.9,90,11.2,28,1,False,True,0.0,0.0,Low,5.8,Land Survey & Demarcation,104,1
LA-AN-2026-0089,Kurnool Bypass 6-Lane Expressway Expansion,Andhra Pradesh,Kurnool,Highways & Expressways,1070.1,2107,0.4,43,0,True,False,0.0,0.0,Medium,5.2,Preliminary Investigation,64,1
LA-UT-2026-0090,Agra Ultra-Mega 500MW Solar Photovoltaic Park,Uttar Pradesh,Agra,Renewable Energy & Solar Parks,770.9,1143,47.6,62,2,True,True,23.3,48.5,High,5.5,Rehabilitation & Resettlement (R&R),97,1
LA-GU-2026-0091,Ahmedabad Ring-Rail & Transit Oriented Development,Gujarat,Ahmedabad,Urban Metros & Smart Cities,1041.3,2238,81.5,73,5,True,True,28.5,17.7,High,3.4,Rehabilitation & Resettlement (R&R),121,1
LA-OD-2026-0092,Sundargarh Multimodal Logistics Hub & Industrial Township,Odisha,Sundargarh,Industrial Corridors & SEZ,167.7,410,77.2,13,1,True,True,66.3,77.5,Low,7.0,Possession (Sec 38),47,0
LA-MA-2026-0093,Nashik Multimodal Logistics Hub & Industrial Township,Maharashtra,Nashik,Industrial Corridors & SEZ,622.9,652,44.3,70,1,True,True,3.7,11.0,Medium,4.8,Compensation Assessment,84,1
LA-AN-2026-0094,Kurnool Bypass 6-Lane Expressway Expansion,Andhra Pradesh,Kurnool,Highways & Expressways,878.1,1909,33.1,47,2,True,True,13.0,8.9,High,5.0,Compensation Assessment,79,1
LA-GU-2026-0095,Rajkot Dedicated Freight Rail Freight Corridor & Terminal,Gujarat,Rajkot,Railways & Dedicated Freight,299.4,614,73.4,73,1,False,True,38.2,55.6,Low,4.6,Rehabilitation & Resettlement (R&R),125,1
LA-TA-2026-0096,Chennai Multi-Village Barrage & Micro-Irrigation Canal,Tamil Nadu,Chennai,Irrigation & Water Reservoirs,873.9,1153,2.3,21,1,False,False,0.0,0.0,High,4.6,Preliminary Investigation,77,1
LA-MA-2026-0097,Thane Block-IV Mineral Extraction & Processing Node,Maharashtra,Thane,Mining & Coal Exploration,1050.1,600,88.9,2,1,True,True,96.8,99.9,High,6.8,Possession (Sec 38),0,0
LA-MA-2026-0098,Nashik Block-IV Mineral Extraction & Processing Node,Maharashtra,Nashik,Mining & Coal Exploration,369.7,462,8.0,10,0,False,False,0.0,0.0,Medium,4.6,Preliminary Investigation,61,1
LA-GU-2026-0099,Surat Multimodal Logistics Hub & Industrial Township,Gujarat,Surat,Industrial Corridors & SEZ,565.0,1036,26.3,49,3,True,True,4.3,10.9,High,3.2,Compensation Assessment,101,1
LA-GU-2026-0100,Vadodara Ring-Rail & Transit Oriented Development,Gujarat,Vadodara,Urban Metros & Smart Cities,150.3,189,78.9,12,1,True,True,88.0,51.1,Medium,4.4,Possession (Sec 38),16,0
LA-JH-2026-0101,Hazaribagh Ring-Rail & Transit Oriented Development,Jharkhand,Hazaribagh,Urban Metros & Smart Cities,738.3,889,31.7,17,1,False,True,10.2,14.4,Low,6.3,Objection / Legal Hearing (Sec 15),96,1
LA-MA-2026-0102,Bhopal Block-IV Mineral Extraction & Processing Node,Madhya Pradesh,Bhopal,Mining & Coal Exploration,903.3,768,60.1,42,1,True,True,48.9,41.5,High,4.9,Compensation Disbursement,29,0
LA-AN-2026-0103,Guntur Ring-Rail & Transit Oriented Development,Andhra Pradesh,Guntur,Urban Metros & Smart Cities,1035.7,2017,43.9,38,0,True,True,12.1,7.3,High,4.5,Objection / Legal Hearing (Sec 15),27,0
LA-TA-2026-0104,Madurai Bypass 6-Lane Expressway Expansion,Tamil Nadu,Madurai,Highways & Expressways,579.0,1006,21.5,43,3,False,True,9.2,13.0,High,4.6,Objection / Legal Hearing (Sec 15),119,1
LA-JH-2026-0105,Ranchi Ultra-Mega 500MW Solar Photovoltaic Park,Jharkhand,Ranchi,Renewable Energy & Solar Parks,481.7,598,10.4,37,2,False,True,0.0,0.0,Medium,7.0,Land Survey & Demarcation,106,1
LA-MA-2026-0106,Nashik Multimodal Logistics Hub & Industrial Township,Maharashtra,Nashik,Industrial Corridors & SEZ,280.3,389,48.6,60,0,True,True,49.2,33.4,Medium,4.9,Compensation Disbursement,57,0
LA-MA-2026-0107,Nashik Bypass 6-Lane Expressway Expansion,Maharashtra,Nashik,Highways & Expressways,949.5,937,8.5,37,0,True,False,0.0,0.0,Medium,5.2,Preliminary Investigation,48,0
LA-OD-2026-0108,Sundargarh Block-IV Mineral Extraction & Processing Node,Odisha,Sundargarh,Mining & Coal Exploration,1185.3,1873,1.6,0,0,True,True,0.0,0.0,Medium,7.2,Land Survey & Demarcation,25,0
LA-OD-2026-0109,Balasore Multimodal Logistics Hub & Industrial Township,Odisha,Balasore,Industrial Corridors & SEZ,643.2,1280,75.6,15,5,True,True,30.5,20.5,High,5.2,Rehabilitation & Resettlement (R&R),91,1
LA-JH-2026-0110,Ranchi Bypass 6-Lane Expressway Expansion,Jharkhand,Ranchi,Highways & Expressways,862.1,1195,79.7,20,1,True,True,65.9,56.3,High,7.3,Possession (Sec 38),19,0
LA-TA-2026-0111,Salem Ultra-Mega 500MW Solar Photovoltaic Park,Tamil Nadu,Salem,Renewable Energy & Solar Parks,141.5,269,67.3,67,3,True,True,40.8,51.0,Medium,4.0,Rehabilitation & Resettlement (R&R),112,1
LA-MA-2026-0112,Gwalior Multimodal Logistics Hub & Industrial Township,Madhya Pradesh,Gwalior,Industrial Corridors & SEZ,464.8,374,12.3,21,2,True,True,12.5,1.9,High,5.3,Compensation Assessment,76,1
LA-TA-2026-0113,Chennai Multi-Village Barrage & Micro-Irrigation Canal,Tamil Nadu,Chennai,Irrigation & Water Reservoirs,1162.9,1977,8.7,42,0,True,False,0.0,0.0,High,5.0,Preliminary Investigation,48,0
LA-MA-2026-0114,Thane Ultra-Mega 500MW Solar Photovoltaic Park,Maharashtra,Thane,Renewable Energy & Solar Parks,973.5,2132,38.6,39,4,True,True,9.2,12.9,Low,7.2,Objection / Legal Hearing (Sec 15),120,1
LA-AN-2026-0115,Guntur Multimodal Logistics Hub & Industrial Township,Andhra Pradesh,Guntur,Industrial Corridors & SEZ,106.8,211,31.0,30,2,False,True,31.2,33.8,Medium,4.5,Rehabilitation & Resettlement (R&R),102,1
LA-TA-2026-0116,Chennai Bypass 6-Lane Expressway Expansion,Tamil Nadu,Chennai,Highways & Expressways,344.7,628,6.6,32,0,False,True,0.0,0.0,Low,4.9,Notification (Sec 11),98,1
LA-MA-2026-0117,Thane Block-IV Mineral Extraction & Processing Node,Maharashtra,Thane,Mining & Coal Exploration,284.1,701,3.1,16,0,True,False,0.0,0.0,Medium,6.9,Preliminary Investigation,48,0
LA-JH-2026-0118,Bokaro Multimodal Logistics Hub & Industrial Township,Jharkhand,Bokaro,Industrial Corridors & SEZ,612.8,1327,12.5,14,3,True,True,12.9,0.8,Medium,6.0,Objection / Legal Hearing (Sec 15),91,1
LA-GU-2026-0119,Rajkot Dedicated Freight Rail Freight Corridor & Terminal,Gujarat,Rajkot,Railways & Dedicated Freight,1002.6,2345,95.3,2,1,True,True,69.7,79.4,High,4.6,Possession (Sec 38),0,0
LA-TA-2026-0120,Coimbatore Bypass 6-Lane Expressway Expansion,Tamil Nadu,Coimbatore,Highways & Expressways,624.2,1443,91.8,3,0,True,True,92.8,90.8,Medium,3.8,Final Acquisition Complete,0,0
LA-UT-2026-0121,Kanpur Ring-Rail & Transit Oriented Development,Uttar Pradesh,Kanpur,Urban Metros & Smart Cities,570.1,927,90.4,10,1,True,True,95.3,82.1,Medium,5.5,Possession (Sec 38),13,0
LA-MA-2026-0122,Nashik Bypass 6-Lane Expressway Expansion,Maharashtra,Nashik,Highways & Expressways,621.1,696,28.7,86,5,True,True,43.3,18.8,High,4.9,Compensation Disbursement,140,1
LA-JH-2026-0123,Bokaro Ultra-Mega 500MW Solar Photovoltaic Park,Jharkhand,Bokaro,Renewable Energy & Solar Parks,614.1,1483,94.3,16,0,True,True,93.5,99.1,Medium,5.8,Possession (Sec 38),9,0
LA-MA-2026-0124,Gwalior Block-IV Mineral Extraction & Processing Node,Madhya Pradesh,Gwalior,Mining & Coal Exploration,505.3,594,76.3,59,5,True,True,35.9,18.3,Medium,5.3,Rehabilitation & Resettlement (R&R),126,1
LA-UT-2026-0125,Gorakhpur Block-IV Mineral Extraction & Processing Node,Uttar Pradesh,Gorakhpur,Mining & Coal Exploration,176.5,338,61.3,21,5,True,True,35.7,31.4,High,6.7,Rehabilitation & Resettlement (R&R),100,1
LA-JH-2026-0126,East Singhbhum Ring-Rail & Transit Oriented Development,Jharkhand,East Singhbhum,Urban Metros & Smart Cities,250.6,626,78.9,26,1,True,True,91.5,75.4,High,6.3,Possession (Sec 38),27,0
LA-TA-2026-0127,Coimbatore Multimodal Logistics Hub & Industrial Township,Tamil Nadu,Coimbatore,Industrial Corridors & SEZ,872.4,512,10.8,28,1,False,True,0.0,0.0,Medium,3.5,Land Survey & Demarcation,86,1
LA-AN-2026-0128,Kurnool Ultra-Mega 500MW Solar Photovoltaic Park,Andhra Pradesh,Kurnool,Renewable Energy & Solar Parks,567.5,603,85.8,4,1,True,True,98.7,90.8,Medium,5.4,Possession (Sec 38),10,0
LA-MA-2026-0129,Jabalpur Ring-Rail & Transit Oriented Development,Madhya Pradesh,Jabalpur,Urban Metros & Smart Cities,359.9,729,13.6,5,2,True,True,0.0,0.0,Medium,6.1,Notification (Sec 11),65,1
LA-TA-2026-0130,Chennai Multi-Village Barrage & Micro-Irrigation Canal,Tamil Nadu,Chennai,Irrigation & Water Reservoirs,465.5,258,12.6,9,1,False,True,0.0,0.0,Medium,4.5,Notification (Sec 11),80,1
LA-MA-2026-0131,Indore Bypass 6-Lane Expressway Expansion,Madhya Pradesh,Indore,Highways & Expressways,325.7,706,10.9,7,2,False,False,0.0,0.0,Medium,4.4,Preliminary Investigation,91,1
LA-MA-2026-0132,Pune Bypass 6-Lane Expressway Expansion,Maharashtra,Pune,Highways & Expressways,1008.1,1511,9.5,45,0,False,True,0.0,0.0,Medium,4.6,Notification (Sec 11),94,1
LA-JH-2026-0133,Hazaribagh Multimodal Logistics Hub & Industrial Township,Jharkhand,Hazaribagh,Industrial Corridors & SEZ,640.1,781,8.2,24,0,False,True,0.0,0.0,High,5.6,Notification (Sec 11),70,1
LA-GU-2026-0134,Vadodara Block-IV Mineral Extraction & Processing Node,Gujarat,Vadodara,Mining & Coal Exploration,886.2,1556,35.7,27,2,False,True,5.0,0.9,High,4.2,Objection / Legal Hearing (Sec 15),79,1
LA-MA-2026-0135,Indore Multi-Village Barrage & Micro-Irrigation Canal,Madhya Pradesh,Indore,Irrigation & Water Reservoirs,369.8,217,0.6,34,2,False,False,0.0,0.0,High,4.6,Preliminary Investigation,108,1
LA-OD-2026-0136,Sundargarh Block-IV Mineral Extraction & Processing Node,Odisha,Sundargarh,Mining & Coal Exploration,171.3,211,36.0,68,3,True,True,13.4,7.7,Medium,7.5,Compensation Assessment,120,1
LA-AN-2026-0137,Visakhapatnam Ring-Rail & Transit Oriented Development,Andhra Pradesh,Visakhapatnam,Urban Metros & Smart Cities,665.9,760,9.9,38,2,False,True,0.0,0.0,High,4.2,Land Survey & Demarcation,109,1
LA-MA-2026-0138,Jabalpur Ultra-Mega 500MW Solar Photovoltaic Park,Madhya Pradesh,Jabalpur,Renewable Energy & Solar Parks,347.6,855,29.9,28,0,True,True,35.5,33.2,High,6.2,Rehabilitation & Resettlement (R&R),23,0
LA-MA-2026-0139,Bhopal Block-IV Mineral Extraction & Processing Node,Madhya Pradesh,Bhopal,Mining & Coal Exploration,1140.6,644,54.2,27,5,True,True,24.8,37.2,High,5.4,Rehabilitation & Resettlement (R&R),105,1
LA-TA-2026-0140,Madurai Multi-Village Barrage & Micro-Irrigation Canal,Tamil Nadu,Madurai,Irrigation & Water Reservoirs,479.7,778,77.8,22,0,True,True,77.9,99.8,High,4.4,Final Acquisition Complete,8,0
LA-UT-2026-0141,Lucknow Bypass 6-Lane Expressway Expansion,Uttar Pradesh,Lucknow,Highways & Expressways,809.7,1553,43.9,75,2,True,True,22.0,22.9,Medium,5.1,Compensation Disbursement,122,1
LA-OD-2026-0142,Sambalpur Ultra-Mega 500MW Solar Photovoltaic Park,Odisha,Sambalpur,Renewable Energy & Solar Parks,574.2,1415,82.5,62,5,False,True,12.6,34.9,High,6.3,Compensation Disbursement,122,1
LA-MA-2026-0143,Nagpur Multimodal Logistics Hub & Industrial Township,Maharashtra,Nagpur,Industrial Corridors & SEZ,429.8,969,89.2,16,0,True,True,67.3,98.3,Low,4.1,Final Acquisition Complete,2,0
LA-UT-2026-0144,Gorakhpur Block-IV Mineral Extraction & Processing Node,Uttar Pradesh,Gorakhpur,Mining & Coal Exploration,1076.5,2359,89.1,19,0,True,True,82.0,56.3,High,6.5,Final Acquisition Complete,9,0
LA-UT-2026-0145,Kanpur Multimodal Logistics Hub & Industrial Township,Uttar Pradesh,Kanpur,Industrial Corridors & SEZ,1015.0,1651,26.8,83,1,True,True,11.8,47.1,High,6.1,Compensation Disbursement,107,1
LA-JH-2026-0146,Bokaro Block-IV Mineral Extraction & Processing Node,Jharkhand,Bokaro,Mining & Coal Exploration,312.7,661,83.6,15,0,True,True,87.5,57.9,High,6.2,Possession (Sec 38),5,0
LA-UT-2026-0147,Gorakhpur Block-IV Mineral Extraction & Processing Node,Uttar Pradesh,Gorakhpur,Mining & Coal Exploration,178.7,221,45.7,22,1,True,True,28.7,28.4,Low,6.8,Rehabilitation & Resettlement (R&R),74,1
LA-GU-2026-0148,Rajkot Block-IV Mineral Extraction & Processing Node,Gujarat,Rajkot,Mining & Coal Exploration,248.1,203,55.3,74,3,True,True,45.2,39.9,High,3.8,Compensation Disbursement,105,1
LA-OD-2026-0149,Balasore Ring-Rail & Transit Oriented Development,Odisha,Balasore,Urban Metros & Smart Cities,360.8,186,74.0,11,0,True,True,70.6,68.3,Low,5.6,Possession (Sec 38),14,0
LA-OD-2026-0150,Sundargarh Ring-Rail & Transit Oriented Development,Odisha,Sundargarh,Urban Metros & Smart Cities,353.7,876,73.6,17,0,True,True,99.0,69.7,Medium,7.1,Final Acquisition Complete,8,0
LA-OD-2026-0151,Balasore Dedicated Freight Rail Freight Corridor & Terminal,Odisha,Balasore,Railways & Dedicated Freight,969.7,1492,83.1,60,1,True,True,15.6,61.6,High,5.1,Compensation Disbursement,41,0
LA-AN-2026-0152,Guntur Ultra-Mega 500MW Solar Photovoltaic Park,Andhra Pradesh,Guntur,Renewable Energy & Solar Parks,583.0,310,13.8,65,0,False,True,6.2,6.2,Medium,4.9,Compensation Assessment,102,1
LA-OD-2026-0153,Bhubaneswar Ultra-Mega 500MW Solar Photovoltaic Park,Odisha,Bhubaneswar,Renewable Energy & Solar Parks,198.6,369,86.6,29,3,True,True,14.4,15.9,High,4.9,Rehabilitation & Resettlement (R&R),51,0
LA-GU-2026-0154,Rajkot Dedicated Freight Rail Freight Corridor & Terminal,Gujarat,Rajkot,Railways & Dedicated Freight,268.6,308,85.8,10,1,True,True,72.6,58.7,High,3.7,Final Acquisition Complete,1,0
LA-AN-2026-0155,Kurnool Dedicated Freight Rail Freight Corridor & Terminal,Andhra Pradesh,Kurnool,Railways & Dedicated Freight,931.1,1778,27.1,41,2,False,True,7.2,11.2,Low,5.3,Compensation Assessment,113,1
LA-GU-2026-0156,Rajkot Block-IV Mineral Extraction & Processing Node,Gujarat,Rajkot,Mining & Coal Exploration,363.0,699,6.6,13,2,False,False,0.0,0.0,Medium,4.4,Preliminary Investigation,88,1
LA-AN-2026-0157,Guntur Dedicated Freight Rail Freight Corridor & Terminal,Andhra Pradesh,Guntur,Railways & Dedicated Freight,812.1,1268,0.8,45,1,False,False,0.0,0.0,High,5.0,Preliminary Investigation,109,1
LA-UT-2026-0158,Lucknow Multimodal Logistics Hub & Industrial Township,Uttar Pradesh,Lucknow,Industrial Corridors & SEZ,586.0,526,79.6,20,0,True,True,85.8,95.4,High,4.9,Possession (Sec 38),6,0
LA-JH-2026-0159,Dhanbad Bypass 6-Lane Expressway Expansion,Jharkhand,Dhanbad,Highways & Expressways,950.9,829,81.7,87,5,True,True,21.6,16.9,Low,7.2,Rehabilitation & Resettlement (R&R),133,1
LA-TA-2026-0160,Madurai Dedicated Freight Rail Freight Corridor & Terminal,Tamil Nadu,Madurai,Railways & Dedicated Freight,574.9,509,74.9,0,0,True,True,78.4,62.9,Medium,4.2,Final Acquisition Complete,0,0
LA-OD-2026-0161,Sambalpur Multi-Village Barrage & Micro-Irrigation Canal,Odisha,Sambalpur,Irrigation & Water Reservoirs,410.3,534,99.5,8,0,True,True,79.1,96.8,High,6.3,Final Acquisition Complete,0,0
LA-AN-2026-0162,Guntur Multimodal Logistics Hub & Industrial Township,Andhra Pradesh,Guntur,Industrial Corridors & SEZ,839.0,523,44.9,47,0,True,True,26.2,40.1,Medium,4.4,Compensation Disbursement,36,0
LA-OD-2026-0163,Sambalpur Block-IV Mineral Extraction & Processing Node,Odisha,Sambalpur,Mining & Coal Exploration,849.8,1976,77.1,67,5,True,True,43.0,53.1,High,6.9,Rehabilitation & Resettlement (R&R),124,1
LA-MA-2026-0164,Aurangabad Dedicated Freight Rail Freight Corridor & Terminal,Maharashtra,Aurangabad,Railways & Dedicated Freight,201.1,232,73.5,28,0,True,True,68.2,79.2,High,5.9,Final Acquisition Complete,11,0
LA-JH-2026-0165,Bokaro Ultra-Mega 500MW Solar Photovoltaic Park,Jharkhand,Bokaro,Renewable Energy & Solar Parks,815.5,910,77.6,1,0,True,True,60.1,60.9,High,6.2,Possession (Sec 38),0,0
LA-MA-2026-0166,Aurangabad Multi-Village Barrage & Micro-Irrigation Canal,Maharashtra,Aurangabad,Irrigation & Water Reservoirs,362.3,311,9.6,23,2,False,False,0.0,0.0,High,5.1,Preliminary Investigation,96,1
LA-GU-2026-0167,Rajkot Dedicated Freight Rail Freight Corridor & Terminal,Gujarat,Rajkot,Railways & Dedicated Freight,164.4,408,33.3,69,2,True,True,49.1,56.7,High,4.5,Compensation Disbursement,104,1
LA-GU-2026-0168,Surat Multimodal Logistics Hub & Industrial Township,Gujarat,Surat,Industrial Corridors & SEZ,62.9,114,14.0,13,0,True,True,0.0,0.0,Low,3.3,Notification (Sec 11),36,0
LA-JH-2026-0169,Bokaro Multimodal Logistics Hub & Industrial Township,Jharkhand,Bokaro,Industrial Corridors & SEZ,497.7,482,13.0,32,0,True,False,0.0,0.0,Medium,5.6,Preliminary Investigation,52,0
LA-TA-2026-0170,Madurai Ultra-Mega 500MW Solar Photovoltaic Park,Tamil Nadu,Madurai,Renewable Energy & Solar Parks,510.9,536,30.7,68,3,False,True,11.0,3.5,Low,4.7,Objection / Legal Hearing (Sec 15),123,1
LA-GU-2026-0171,Vadodara Dedicated Freight Rail Freight Corridor & Terminal,Gujarat,Vadodara,Railways & Dedicated Freight,581.4,1278,91.2,13,1,True,True,92.2,95.7,High,3.7,Final Acquisition Complete,0,0
LA-UT-2026-0172,Agra Multi-Village Barrage & Micro-Irrigation Canal,Uttar Pradesh,Agra,Irrigation & Water Reservoirs,133.6,260,42.5,85,1,True,True,36.9,45.1,High,5.8,Compensation Disbursement,105,1
LA-OD-2026-0173,Sundargarh Dedicated Freight Rail Freight Corridor & Terminal,Odisha,Sundargarh,Railways & Dedicated Freight,902.6,1813,10.4,25,0,False,True,0.0,0.0,Medium,6.8,Notification (Sec 11),82,1
LA-AN-2026-0174,Kurnool Block-IV Mineral Extraction & Processing Node,Andhra Pradesh,Kurnool,Mining & Coal Exploration,1062.3,1521,91.7,11,0,True,True,90.5,66.0,Medium,5.0,Final Acquisition Complete,0,0
LA-OD-2026-0175,Sambalpur Multimodal Logistics Hub & Industrial Township,Odisha,Sambalpur,Industrial Corridors & SEZ,371.9,331,62.0,72,2,True,True,19.8,42.5,High,6.5,Rehabilitation & Resettlement (R&R),103,1
LA-TA-2026-0176,Coimbatore Ultra-Mega 500MW Solar Photovoltaic Park,Tamil Nadu,Coimbatore,Renewable Energy & Solar Parks,640.6,1395,12.3,26,0,True,False,0.0,0.0,Medium,3.5,Preliminary Investigation,23,0
LA-OD-2026-0177,Bhubaneswar Block-IV Mineral Extraction & Processing Node,Odisha,Bhubaneswar,Mining & Coal Exploration,751.0,1376,7.2,0,0,False,False,0.0,0.0,High,4.8,Preliminary Investigation,30,0
LA-JH-2026-0178,Ranchi Bypass 6-Lane Expressway Expansion,Jharkhand,Ranchi,Highways & Expressways,980.5,1812,97.3,7,0,True,True,64.3,54.8,Medium,7.9,Final Acquisition Complete,0,0
LA-AN-2026-0179,Guntur Multi-Village Barrage & Micro-Irrigation Canal,Andhra Pradesh,Guntur,Irrigation & Water Reservoirs,688.9,1708,90.5,24,1,True,True,93.9,82.7,Low,4.8,Possession (Sec 38),37,0
LA-GU-2026-0180,Rajkot Dedicated Freight Rail Freight Corridor & Terminal,Gujarat,Rajkot,Railways & Dedicated Freight,612.3,837,8.5,14,0,True,True,0.0,0.0,Medium,3.6,Notification (Sec 11),13,0
LA-MA-2026-0181,Jabalpur Ultra-Mega 500MW Solar Photovoltaic Park,Madhya Pradesh,Jabalpur,Renewable Energy & Solar Parks,235.7,518,3.1,4,2,True,False,0.0,0.0,Medium,6.2,Preliminary Investigation,79,1
LA-OD-2026-0182,Balasore Block-IV Mineral Extraction & Processing Node,Odisha,Balasore,Mining & Coal Exploration,912.8,711,72.1,65,0,True,True,30.0,63.7,Medium,6.0,Rehabilitation & Resettlement (R&R),46,0
LA-TA-2026-0183,Salem Ring-Rail & Transit Oriented Development,Tamil Nadu,Salem,Urban Metros & Smart Cities,601.5,728,83.0,24,0,True,True,87.2,83.0,High,4.1,Possession (Sec 38),7,0
LA-OD-2026-0184,Bhubaneswar Multimodal Logistics Hub & Industrial Township,Odisha,Bhubaneswar,Industrial Corridors & SEZ,894.1,1013,0.1,23,2,False,True,0.0,0.0,Medium,5.0,Land Survey & Demarcation,108,1
LA-MA-2026-0185,Nagpur Bypass 6-Lane Expressway Expansion,Maharashtra,Nagpur,Highways & Expressways,130.3,209,11.8,18,0,False,False,0.0,0.0,High,4.2,Preliminary Investigation,45,0
LA-MA-2026-0186,Aurangabad Dedicated Freight Rail Freight Corridor & Terminal,Maharashtra,Aurangabad,Railways & Dedicated Freight,224.2,232,34.5,19,3,True,True,16.7,28.8,Medium,5.6,Rehabilitation & Resettlement (R&R),92,1
LA-OD-2026-0187,Jharsuguda Block-IV Mineral Extraction & Processing Node,Odisha,Jharsuguda,Mining & Coal Exploration,1139.9,1327,12.1,21,2,False,False,0.0,0.0,High,5.8,Preliminary Investigation,91,1
LA-UT-2026-0188,Gorakhpur Block-IV Mineral Extraction & Processing Node,Uttar Pradesh,Gorakhpur,Mining & Coal Exploration,1158.4,2823,10.4,20,0,False,True,0.0,0.0,High,6.0,Land Survey & Demarcation,63,1
LA-GU-2026-0189,Vadodara Ultra-Mega 500MW Solar Photovoltaic Park,Gujarat,Vadodara,Renewable Energy & Solar Parks,826.0,1321,6.9,28,0,False,True,0.0,0.0,Medium,4.0,Land Survey & Demarcation,66,1
LA-MA-2026-0190,Nashik Block-IV Mineral Extraction & Processing Node,Maharashtra,Nashik,Mining & Coal Exploration,865.4,1798,14.9,34,2,False,True,0.0,0.0,High,4.9,Land Survey & Demarcation,96,1
LA-GU-2026-0191,Ahmedabad Ultra-Mega 500MW Solar Photovoltaic Park,Gujarat,Ahmedabad,Renewable Energy & Solar Parks,153.5,152,2.5,36,0,False,True,0.0,0.0,High,4.0,Notification (Sec 11),62,1
LA-TA-2026-0192,Salem Multimodal Logistics Hub & Industrial Township,Tamil Nadu,Salem,Industrial Corridors & SEZ,680.6,1276,81.2,16,1,True,True,78.5,84.0,Medium,3.7,Final Acquisition Complete,11,0
LA-JH-2026-0193,Bokaro Bypass 6-Lane Expressway Expansion,Jharkhand,Bokaro,Highways & Expressways,434.3,515,7.8,6,2,False,True,0.0,0.0,High,6.6,Land Survey & Demarcation,84,1
LA-MA-2026-0194,Jabalpur Bypass 6-Lane Expressway Expansion,Madhya Pradesh,Jabalpur,Highways & Expressways,786.4,1458,89.0,81,2,True,True,19.8,23.7,High,6.0,Compensation Disbursement,87,1
LA-OD-2026-0195,Jharsuguda Multi-Village Barrage & Micro-Irrigation Canal,Odisha,Jharsuguda,Irrigation & Water Reservoirs,891.4,2020,6.4,13,0,True,False,0.0,0.0,Medium,6.4,Preliminary Investigation,32,0
LA-MA-2026-0196,Aurangabad Block-IV Mineral Extraction & Processing Node,Maharashtra,Aurangabad,Mining & Coal Exploration,562.6,576,28.5,19,3,False,True,9.6,11.9,Medium,5.2,Objection / Legal Hearing (Sec 15),103,1
LA-MA-2026-0197,Indore Ultra-Mega 500MW Solar Photovoltaic Park,Madhya Pradesh,Indore,Renewable Energy & Solar Parks,814.7,917,1.8,32,0,False,True,0.0,0.0,High,4.1,Notification (Sec 11),66,1
LA-UT-2026-0198,Kanpur Multimodal Logistics Hub & Industrial Township,Uttar Pradesh,Kanpur,Industrial Corridors & SEZ,677.0,1001,4.7,22,0,False,True,0.0,0.0,Low,6.0,Land Survey & Demarcation,93,1
LA-OD-2026-0199,Jharsuguda Multimodal Logistics Hub & Industrial Township,Odisha,Jharsuguda,Industrial Corridors & SEZ,513.4,1119,72.5,1,0,True,True,61.2,88.1,Medium,6.2,Possession (Sec 38),1,0
LA-AN-2026-0200,Vijayawada Multi-Village Barrage & Micro-Irrigation Canal,Andhra Pradesh,Vijayawada,Irrigation & Water Reservoirs,625.2,1028,86.3,24,0,True,True,99.6,77.1,High,4.7,Final Acquisition Complete,3,0
LA-GU-2026-0201,Ahmedabad Ring-Rail & Transit Oriented Development,Gujarat,Ahmedabad,Urban Metros & Smart Cities,553.4,662,6.6,13,0,True,False,0.0,0.0,High,3.3,Preliminary Investigation,6,0
LA-GU-2026-0202,Surat Ring-Rail & Transit Oriented Development,Gujarat,Surat,Urban Metros & Smart Cities,694.8,1087,2.5,18,1,False,False,0.0,0.0,High,3.8,Preliminary Investigation,75,1
LA-MA-2026-0203,Nagpur Block-IV Mineral Extraction & Processing Node,Maharashtra,Nagpur,Mining & Coal Exploration,849.2,649,4.8,31,2,True,True,0.0,0.0,Medium,4.6,Land Survey & Demarcation,89,1
LA-AN-2026-0204,Kurnool Ring-Rail & Transit Oriented Development,Andhra Pradesh,Kurnool,Urban Metros & Smart Cities,498.3,996,13.2,20,2,False,True,0.0,0.0,High,5.5,Notification (Sec 11),101,1
LA-MA-2026-0205,Nashik Ring-Rail & Transit Oriented Development,Maharashtra,Nashik,Urban Metros & Smart Cities,492.3,1199,84.8,18,1,True,True,72.9,64.2,Medium,5.5,Final Acquisition Complete,15,0
LA-MA-2026-0206,Jabalpur Multimodal Logistics Hub & Industrial Township,Madhya Pradesh,Jabalpur,Industrial Corridors & SEZ,44.1,104,83.7,29,1,True,True,99.7,71.4,Medium,5.3,Possession (Sec 38),20,0
LA-AN-2026-0207,Vijayawada Block-IV Mineral Extraction & Processing Node,Andhra Pradesh,Vijayawada,Mining & Coal Exploration,121.8,222,11.8,16,3,True,True,9.4,14.5,Low,4.0,Compensation Assessment,104,1
LA-MA-2026-0208,Bhopal Bypass 6-Lane Expressway Expansion,Madhya Pradesh,Bhopal,Highways & Expressways,842.3,1797,6.3,4,2,True,False,0.0,0.0,Medium,5.5,Preliminary Investigation,70,1
LA-MA-2026-0209,Pune Ring-Rail & Transit Oriented Development,Maharashtra,Pune,Urban Metros & Smart Cities,778.9,1444,8.4,28,0,False,True,0.0,0.0,Medium,4.1,Land Survey & Demarcation,68,1
LA-UT-2026-0210,Agra Bypass 6-Lane Expressway Expansion,Uttar Pradesh,Agra,Highways & Expressways,909.1,1526,14.4,15,0,False,True,0.0,0.0,Medium,5.4,Land Survey & Demarcation,60,1
LA-OD-2026-0211,Balasore Multimodal Logistics Hub & Industrial Township,Odisha,Balasore,Industrial Corridors & SEZ,1021.3,1855,7.8,25,0,False,False,0.0,0.0,Medium,5.4,Preliminary Investigation,74,1
LA-OD-2026-0212,Jharsuguda Bypass 6-Lane Expressway Expansion,Odisha,Jharsuguda,Highways & Expressways,1069.3,560,79.5,11,0,True,True,75.5,91.9,High,6.3,Final Acquisition Complete,0,0
LA-MA-2026-0213,Bhopal Bypass 6-Lane Expressway Expansion,Madhya Pradesh,Bhopal,Highways & Expressways,1139.7,1476,10.7,44,2,False,False,0.0,0.0,High,5.1,Preliminary Investigation,117,1
LA-UT-2026-0214,Gorakhpur Ring-Rail & Transit Oriented Development,Uttar Pradesh,Gorakhpur,Urban Metros & Smart Cities,655.3,839,12.5,19,0,False,True,0.0,0.0,High,6.7,Land Survey & Demarcation,59,1
LA-OD-2026-0215,Bhubaneswar Ultra-Mega 500MW Solar Photovoltaic Park,Odisha,Bhubaneswar,Renewable Energy & Solar Parks,388.4,770,1.8,44,0,False,False,0.0,0.0,Low,4.4,Preliminary Investigation,110,1
LA-TA-2026-0216,Madurai Block-IV Mineral Extraction & Processing Node,Tamil Nadu,Madurai,Mining & Coal Exploration,931.4,520,4.1,45,1,True,True,0.0,0.0,High,4.5,Notification (Sec 11),69,1
LA-MA-2026-0217,Gwalior Dedicated Freight Rail Freight Corridor & Terminal,Madhya Pradesh,Gwalior,Railways & Dedicated Freight,209.8,429,68.8,11,0,True,True,14.6,52.0,Medium,5.8,Compensation Disbursement,11,0
LA-TA-2026-0218,Salem Bypass 6-Lane Expressway Expansion,Tamil Nadu,Salem,Highways & Expressways,968.7,1867,76.7,8,0,True,True,69.9,95.8,Low,4.5,Final Acquisition Complete,4,0
LA-MA-2026-0219,Aurangabad Ultra-Mega 500MW Solar Photovoltaic Park,Maharashtra,Aurangabad,Renewable Energy & Solar Parks,1146.0,730,4.2,5,1,False,False,0.0,0.0,High,5.2,Preliminary Investigation,66,1
LA-TA-2026-0220,Coimbatore Dedicated Freight Rail Freight Corridor & Terminal,Tamil Nadu,Coimbatore,Railways & Dedicated Freight,457.7,1118,93.3,4,0,True,True,89.3,77.3,Low,4.0,Possession (Sec 38),0,0
LA-JH-2026-0221,Dhanbad Bypass 6-Lane Expressway Expansion,Jharkhand,Dhanbad,Highways & Expressways,26.7,48,72.3,72,3,True,True,14.2,41.5,Low,7.0,Compensation Disbursement,121,1
LA-UT-2026-0222,Gorakhpur Ultra-Mega 500MW Solar Photovoltaic Park,Uttar Pradesh,Gorakhpur,Renewable Energy & Solar Parks,848.5,1056,30.5,85,0,False,True,13.8,21.7,High,6.7,Rehabilitation & Resettlement (R&R),126,1
LA-UT-2026-0223,Varanasi Multi-Village Barrage & Micro-Irrigation Canal,Uttar Pradesh,Varanasi,Irrigation & Water Reservoirs,398.7,416,38.2,31,0,True,True,41.2,44.2,High,6.2,Compensation Disbursement,25,0
LA-GU-2026-0224,Ahmedabad Block-IV Mineral Extraction & Processing Node,Gujarat,Ahmedabad,Mining & Coal Exploration,336.4,248,90.6,6,0,True,True,93.1,84.8,Medium,3.3,Possession (Sec 38),0,0
LA-OD-2026-0225,Sundargarh Ring-Rail & Transit Oriented Development,Odisha,Sundargarh,Urban Metros & Smart Cities,61.5,80,11.2,29,0,True,True,0.0,0.0,Low,6.9,Land Survey & Demarcation,71,1
LA-UT-2026-0226,Lucknow Dedicated Freight Rail Freight Corridor & Terminal,Uttar Pradesh,Lucknow,Railways & Dedicated Freight,992.8,1235,32.6,13,0,True,True,8.7,5.2,Medium,5.7,Objection / Legal Hearing (Sec 15),11,0
LA-MA-2026-0227,Indore Bypass 6-Lane Expressway Expansion,Madhya Pradesh,Indore,Highways & Expressways,1132.2,680,6.5,31,2,False,False,0.0,0.0,Low,4.6,Preliminary Investigation,111,1
LA-GU-2026-0228,Surat Multi-Village Barrage & Micro-Irrigation Canal,Gujarat,Surat,Irrigation & Water Reservoirs,65.7,114,4.4,3,2,False,True,0.0,0.0,Low,3.3,Land Survey & Demarcation,94,1
LA-UT-2026-0229,Agra Multimodal Logistics Hub & Industrial Township,Uttar Pradesh,Agra,Industrial Corridors & SEZ,958.9,2376,80.8,16,1,True,True,81.8,74.2,Medium,5.7,Final Acquisition Complete,19,0
LA-UT-2026-0230,Lucknow Ring-Rail & Transit Oriented Development,Uttar Pradesh,Lucknow,Urban Metros & Smart Cities,93.8,232,36.8,35,1,True,True,15.0,19.5,Medium,5.6,Compensation Assessment,60,1
LA-JH-2026-0231,Dhanbad Ring-Rail & Transit Oriented Development,Jharkhand,Dhanbad,Urban Metros & Smart Cities,231.9,390,10.5,45,0,False,True,0.0,0.0,Medium,6.7,Land Survey & Demarcation,94,1
LA-UT-2026-0232,Kanpur Multi-Village Barrage & Micro-Irrigation Canal,Uttar Pradesh,Kanpur,Irrigation & Water Reservoirs,388.1,574,77.0,10,0,True,True,68.8,76.3,High,6.2,Final Acquisition Complete,3,0
LA-UT-2026-0233,Gorakhpur Block-IV Mineral Extraction & Processing Node,Uttar Pradesh,Gorakhpur,Mining & Coal Exploration,50.7,84,11.6,4,1,False,False,0.0,0.0,Medium,6.6,Preliminary Investigation,76,1
LA-GU-2026-0234,Ahmedabad Multimodal Logistics Hub & Industrial Township,Gujarat,Ahmedabad,Industrial Corridors & SEZ,955.4,2313,36.3,85,1,True,True,48.7,49.7,Medium,4.1,Rehabilitation & Resettlement (R&R),108,1
LA-AN-2026-0235,Vijayawada Ultra-Mega 500MW Solar Photovoltaic Park,Andhra Pradesh,Vijayawada,Renewable Energy & Solar Parks,1024.6,2091,36.8,23,5,True,True,22.7,55.4,High,4.6,Rehabilitation & Resettlement (R&R),107,1
LA-MA-2026-0236,Nagpur Bypass 6-Lane Expressway Expansion,Maharashtra,Nagpur,Highways & Expressways,549.8,566,29.4,59,0,True,True,20.3,20.4,High,4.3,Compensation Disbursement,42,0
LA-UT-2026-0237,Agra Bypass 6-Lane Expressway Expansion,Uttar Pradesh,Agra,Highways & Expressways,951.8,1576,76.8,9,0,True,True,78.1,90.0,Low,5.7,Possession (Sec 38),13,0
LA-MA-2026-0238,Pune Bypass 6-Lane Expressway Expansion,Maharashtra,Pune,Highways & Expressways,1131.7,2779,99.6,30,0,True,True,95.7,85.2,Medium,4.2,Final Acquisition Complete,6,0
LA-GU-2026-0239,Surat Multi-Village Barrage & Micro-Irrigation Canal,Gujarat,Surat,Irrigation & Water Reservoirs,873.4,1711,78.4,17,1,True,True,69.5,52.5,High,4.0,Final Acquisition Complete,11,0
LA-TA-2026-0240,Chennai Ultra-Mega 500MW Solar Photovoltaic Park,Tamil Nadu,Chennai,Renewable Energy & Solar Parks,259.6,143,78.8,25,0,True,True,63.3,92.2,High,4.8,Possession (Sec 38),6,0
LA-AN-2026-0241,Visakhapatnam Multi-Village Barrage & Micro-Irrigation Canal,Andhra Pradesh,Visakhapatnam,Irrigation & Water Reservoirs,244.2,143,42.1,20,0,True,True,43.5,43.2,Medium,4.0,Compensation Disbursement,8,0
LA-GU-2026-0242,Surat Multi-Village Barrage & Micro-Irrigation Canal,Gujarat,Surat,Irrigation & Water Reservoirs,832.3,1974,77.1,1,1,True,True,72.0,69.7,High,3.8,Final Acquisition Complete,0,0
LA-UT-2026-0243,Lucknow Dedicated Freight Rail Freight Corridor & Terminal,Uttar Pradesh,Lucknow,Railways & Dedicated Freight,974.9,733,44.6,38,1,False,True,6.5,19.9,Medium,5.6,Objection / Legal Hearing (Sec 15),86,1
LA-MA-2026-0244,Pune Block-IV Mineral Extraction & Processing Node,Maharashtra,Pune,Mining & Coal Exploration,563.3,1265,88.7,4,0,True,True,80.9,71.0,Medium,4.3,Final Acquisition Complete,0,0
LA-MA-2026-0245,Pune Ultra-Mega 500MW Solar Photovoltaic Park,Maharashtra,Pune,Renewable Energy & Solar Parks,1056.5,1086,62.2,89,1,False,True,28.9,23.6,High,4.3,Compensation Disbursement,113,1
LA-GU-2026-0246,Ahmedabad Bypass 6-Lane Expressway Expansion,Gujarat,Ahmedabad,Highways & Expressways,1107.0,2539,94.5,27,0,True,True,72.1,64.0,Low,3.8,Possession (Sec 38),5,0
LA-OD-2026-0247,Sambalpur Block-IV Mineral Extraction & Processing Node,Odisha,Sambalpur,Mining & Coal Exploration,881.3,1506,25.5,52,4,True,True,13.7,8.1,Low,6.7,Compensation Assessment,122,1
LA-UT-2026-0248,Lucknow Ring-Rail & Transit Oriented Development,Uttar Pradesh,Lucknow,Urban Metros & Smart Cities,1058.2,590,95.0,1,0,True,True,93.5,62.5,Medium,4.8,Final Acquisition Complete,0,0
LA-AN-2026-0249,Guntur Bypass 6-Lane Expressway Expansion,Andhra Pradesh,Guntur,Highways & Expressways,309.3,457,14.4,22,1,False,False,0.0,0.0,Medium,5.0,Preliminary Investigation,82,1
LA-AN-2026-0250,Visakhapatnam Ultra-Mega 500MW Solar Photovoltaic Park,Andhra Pradesh,Visakhapatnam,Renewable Energy & Solar Parks,1032.1,1852,19.4,65,0,False,True,6.1,0.4,Medium,3.8,Objection / Legal Hearing (Sec 15),99,1
LA-JH-2026-0251,Dhanbad Multimodal Logistics Hub & Industrial Township,Jharkhand,Dhanbad,Industrial Corridors & SEZ,523.0,655,18.8,18,3,False,True,7.0,13.5,Low,6.6,Compensation Assessment,104,1
LA-TA-2026-0252,Madurai Block-IV Mineral Extraction & Processing Node,Tamil Nadu,Madurai,Mining & Coal Exploration,1037.3,1060,83.0,86,0,True,True,22.0,22.5,High,3.8,Compensation Disbursement,43,0
LA-UT-2026-0253,Lucknow Multi-Village Barrage & Micro-Irrigation Canal,Uttar Pradesh,Lucknow,Irrigation & Water Reservoirs,481.2,274,62.2,70,5,True,True,17.6,51.3,Medium,5.0,Rehabilitation & Resettlement (R&R),130,1
LA-UT-2026-0254,Kanpur Block-IV Mineral Extraction & Processing Node,Uttar Pradesh,Kanpur,Mining & Coal Exploration,921.4,798,80.1,27,1,True,True,63.6,67.8,Medium,5.5,Final Acquisition Complete,28,0
LA-TA-2026-0255,Madurai Multi-Village Barrage & Micro-Irrigation Canal,Tamil Nadu,Madurai,Irrigation & Water Reservoirs,1043.0,1738,1.1,43,0,True,False,0.0,0.0,High,4.6,Preliminary Investigation,45,0
LA-GU-2026-0256,Ahmedabad Block-IV Mineral Extraction & Processing Node,Gujarat,Ahmedabad,Mining & Coal Exploration,1185.0,2708,34.3,52,3,True,True,44.5,24.0,Medium,4.1,Rehabilitation & Resettlement (R&R),112,1
LA-JH-2026-0257,Ranchi Ultra-Mega 500MW Solar Photovoltaic Park,Jharkhand,Ranchi,Renewable Energy & Solar Parks,600.3,1216,9.2,25,2,False,True,0.0,0.0,High,7.7,Land Survey & Demarcation,96,1
LA-GU-2026-0258,Ahmedabad Bypass 6-Lane Expressway Expansion,Gujarat,Ahmedabad,Highways & Expressways,914.3,1428,25.3,26,2,True,True,39.3,26.3,Low,3.5,Compensation Disbursement,88,1
LA-AN-2026-0259,Vijayawada Multi-Village Barrage & Micro-Irrigation Canal,Andhra Pradesh,Vijayawada,Irrigation & Water Reservoirs,725.7,853,99.9,24,0,True,True,73.7,95.1,Medium,4.8,Final Acquisition Complete,10,0
LA-GU-2026-0260,Ahmedabad Multimodal Logistics Hub & Industrial Township,Gujarat,Ahmedabad,Industrial Corridors & SEZ,717.9,601,9.8,40,2,True,False,0.0,0.0,Medium,3.2,Preliminary Investigation,85,1
LA-JH-2026-0261,Hazaribagh Bypass 6-Lane Expressway Expansion,Jharkhand,Hazaribagh,Highways & Expressways,835.5,1114,8.2,13,0,False,False,0.0,0.0,Low,6.1,Preliminary Investigation,87,1
LA-MA-2026-0262,Aurangabad Ring-Rail & Transit Oriented Development,Maharashtra,Aurangabad,Urban Metros & Smart Cities,626.1,1086,11.8,38,0,False,True,0.0,0.0,Medium,5.1,Notification (Sec 11),82,1
LA-OD-2026-0263,Sundargarh Multi-Village Barrage & Micro-Irrigation Canal,Odisha,Sundargarh,Irrigation & Water Reservoirs,833.6,1218,10.4,24,3,False,True,1.3,2.2,Low,6.6,Objection / Legal Hearing (Sec 15),104,1
LA-MA-2026-0264,Pune Block-IV Mineral Extraction & Processing Node,Maharashtra,Pune,Mining & Coal Exploration,570.5,399,11.4,19,3,True,True,4.4,16.0,Low,4.5,Compensation Assessment,94,1
LA-JH-2026-0265,Ranchi Block-IV Mineral Extraction & Processing Node,Jharkhand,Ranchi,Mining & Coal Exploration,1147.2,1189,81.2,30,0,True,True,73.7,55.7,High,7.1,Possession (Sec 38),17,0
LA-GU-2026-0266,Rajkot Bypass 6-Lane Expressway Expansion,Gujarat,Rajkot,Highways & Expressways,843.0,520,2.4,36,2,False,True,0.0,0.0,High,4.4,Land Survey & Demarcation,110,1
LA-GU-2026-0267,Vadodara Multimodal Logistics Hub & Industrial Township,Gujarat,Vadodara,Industrial Corridors & SEZ,592.6,874,6.6,41,1,True,True,0.0,0.0,Medium,4.3,Land Survey & Demarcation,84,1
LA-OD-2026-0268,Sundargarh Multi-Village Barrage & Micro-Irrigation Canal,Odisha,Sundargarh,Irrigation & Water Reservoirs,591.3,1080,15.2,6,0,False,True,12.4,17.8,Medium,7.2,Objection / Legal Hearing (Sec 15),64,1
LA-MA-2026-0269,Gwalior Dedicated Freight Rail Freight Corridor & Terminal,Madhya Pradesh,Gwalior,Railways & Dedicated Freight,1164.9,699,66.8,83,3,False,True,26.1,26.7,High,5.4,Compensation Disbursement,140,1
LA-MA-2026-0270,Gwalior Bypass 6-Lane Expressway Expansion,Madhya Pradesh,Gwalior,Highways & Expressways,499.0,285,12.4,32,1,False,True,0.0,0.0,High,5.6,Notification (Sec 11),95,1
LA-MA-2026-0271,Jabalpur Multi-Village Barrage & Micro-Irrigation Canal,Madhya Pradesh,Jabalpur,Irrigation & Water Reservoirs,683.2,1188,67.7,53,0,True,True,38.6,20.7,Medium,5.5,Compensation Disbursement,34,0
LA-AN-2026-0272,Guntur Dedicated Freight Rail Freight Corridor & Terminal,Andhra Pradesh,Guntur,Railways & Dedicated Freight,150.7,259,85.5,23,2,True,True,25.7,37.9,High,4.6,Rehabilitation & Resettlement (R&R),30,0
LA-MA-2026-0273,Nashik Multi-Village Barrage & Micro-Irrigation Canal,Maharashtra,Nashik,Irrigation & Water Reservoirs,648.2,387,12.6,44,0,False,False,0.0,0.0,High,5.1,Preliminary Investigation,84,1
LA-UT-2026-0274,Lucknow Ultra-Mega 500MW Solar Photovoltaic Park,Uttar Pradesh,Lucknow,Renewable Energy & Solar Parks,516.9,888,41.1,27,3,True,True,25.9,32.1,Medium,5.6,Rehabilitation & Resettlement (R&R),94,1
LA-AN-2026-0275,Guntur Dedicated Freight Rail Freight Corridor & Terminal,Andhra Pradesh,Guntur,Railways & Dedicated Freight,758.4,819,33.5,74,4,True,True,14.7,13.0,Medium,5.0,Objection / Legal Hearing (Sec 15),128,1
LA-TA-2026-0276,Salem Multimodal Logistics Hub & Industrial Township,Tamil Nadu,Salem,Industrial Corridors & SEZ,361.0,792,85.7,1,1,True,True,61.0,57.3,Medium,4.2,Final Acquisition Complete,1,0
LA-UT-2026-0277,Gorakhpur Ring-Rail & Transit Oriented Development,Uttar Pradesh,Gorakhpur,Urban Metros & Smart Cities,264.7,418,25.8,54,1,False,True,9.2,13.5,Medium,5.9,Compensation Assessment,112,1
LA-AN-2026-0278,Visakhapatnam Multimodal Logistics Hub & Industrial Township,Andhra Pradesh,Visakhapatnam,Industrial Corridors & SEZ,1159.9,704,38.2,57,1,False,True,44.8,58.0,High,4.6,Compensation Disbursement,96,1
LA-OD-2026-0279,Sambalpur Dedicated Freight Rail Freight Corridor & Terminal,Odisha,Sambalpur,Railways & Dedicated Freight,888.7,656,4.2,10,0,False,True,0.0,0.0,High,6.6,Land Survey & Demarcation,52,1
LA-JH-2026-0280,East Singhbhum Block-IV Mineral Extraction & Processing Node,Jharkhand,East Singhbhum,Mining & Coal Exploration,934.1,1635,4.5,4,1,False,False,0.0,0.0,Medium,6.0,Preliminary Investigation,79,1
LA-UT-2026-0281,Kanpur Ultra-Mega 500MW Solar Photovoltaic Park,Uttar Pradesh,Kanpur,Renewable Energy & Solar Parks,133.0,125,46.6,11,5,False,True,24.4,25.9,Low,5.8,Rehabilitation & Resettlement (R&R),99,1
LA-MA-2026-0282,Indore Bypass 6-Lane Expressway Expansion,Madhya Pradesh,Indore,Highways & Expressways,473.1,989,41.7,75,5,True,True,39.0,16.2,High,4.4,Compensation Disbursement,132,1
LA-AN-2026-0283,Vijayawada Ring-Rail & Transit Oriented Development,Andhra Pradesh,Vijayawada,Urban Metros & Smart Cities,651.5,1142,88.9,6,0,True,True,68.5,84.3,High,4.0,Final Acquisition Complete,0,0
LA-GU-2026-0284,Ahmedabad Block-IV Mineral Extraction & Processing Node,Gujarat,Ahmedabad,Mining & Coal Exploration,127.8,77,8.4,16,0,False,False,0.0,0.0,High,3.6,Preliminary Investigation,41,0
LA-GU-2026-0285,Rajkot Bypass 6-Lane Expressway Expansion,Gujarat,Rajkot,Highways & Expressways,913.3,1526,1.1,18,0,False,True,0.0,0.0,Medium,3.7,Notification (Sec 11),60,1
LA-AN-2026-0286,Kurnool Dedicated Freight Rail Freight Corridor & Terminal,Andhra Pradesh,Kurnool,Railways & Dedicated Freight,283.3,564,95.5,21,0,True,True,71.8,81.7,Medium,4.7,Final Acquisition Complete,0,0
LA-JH-2026-0287,Hazaribagh Ultra-Mega 500MW Solar Photovoltaic Park,Jharkhand,Hazaribagh,Renewable Energy & Solar Parks,656.2,1570,73.6,28,5,False,True,46.1,32.2,Medium,5.4,Rehabilitation & Resettlement (R&R),114,1
LA-AN-2026-0288,Vijayawada Bypass 6-Lane Expressway Expansion,Andhra Pradesh,Vijayawada,Highways & Expressways,567.0,906,72.0,30,0,True,True,63.9,86.3,Medium,4.5,Final Acquisition Complete,16,0
LA-OD-2026-0289,Bhubaneswar Multi-Village Barrage & Micro-Irrigation Canal,Odisha,Bhubaneswar,Irrigation & Water Reservoirs,410.8,747,74.6,5,0,True,True,82.7,90.4,Low,4.5,Possession (Sec 38),6,0
LA-OD-2026-0290,Jharsuguda Block-IV Mineral Extraction & Processing Node,Odisha,Jharsuguda,Mining & Coal Exploration,568.8,692,86.6,27,0,True,True,67.0,80.3,Medium,6.4,Possession (Sec 38),7,0
LA-OD-2026-0291,Sundargarh Bypass 6-Lane Expressway Expansion,Odisha,Sundargarh,Highways & Expressways,767.2,1630,93.1,17,0,True,True,68.5,51.8,High,7.3,Final Acquisition Complete,3,0
LA-UT-2026-0292,Gorakhpur Ring-Rail & Transit Oriented Development,Uttar Pradesh,Gorakhpur,Urban Metros & Smart Cities,182.3,273,22.7,70,1,False,True,0.2,4.8,Medium,6.4,Compensation Assessment,126,1
LA-UT-2026-0293,Kanpur Multimodal Logistics Hub & Industrial Township,Uttar Pradesh,Kanpur,Industrial Corridors & SEZ,1128.5,655,77.0,6,1,True,True,70.6,61.7,High,6.4,Possession (Sec 38),0,0
LA-TA-2026-0294,Salem Multimodal Logistics Hub & Industrial Township,Tamil Nadu,Salem,Industrial Corridors & SEZ,146.3,356,42.8,58,3,True,True,39.7,43.9,Medium,3.5,Compensation Disbursement,109,1
LA-MA-2026-0295,Aurangabad Multi-Village Barrage & Micro-Irrigation Canal,Maharashtra,Aurangabad,Irrigation & Water Reservoirs,985.3,1172,82.7,39,1,False,True,10.3,59.1,Low,5.2,Compensation Disbursement,89,1
LA-AN-2026-0296,Vijayawada Ring-Rail & Transit Oriented Development,Andhra Pradesh,Vijayawada,Urban Metros & Smart Cities,801.8,1065,1.7,30,2,False,True,0.0,0.0,Medium,4.5,Notification (Sec 11),104,1
LA-GU-2026-0297,Ahmedabad Dedicated Freight Rail Freight Corridor & Terminal,Gujarat,Ahmedabad,Railways & Dedicated Freight,71.0,116,77.7,18,1,True,True,67.2,97.9,Low,3.7,Final Acquisition Complete,20,0
LA-AN-2026-0298,Visakhapatnam Multi-Village Barrage & Micro-Irrigation Canal,Andhra Pradesh,Visakhapatnam,Irrigation & Water Reservoirs,282.8,373,8.7,10,1,True,True,0.0,0.0,Medium,4.1,Land Survey & Demarcation,33,0
LA-MA-2026-0299,Nagpur Ultra-Mega 500MW Solar Photovoltaic Park,Maharashtra,Nagpur,Renewable Energy & Solar Parks,829.1,1785,75.3,16,1,True,True,96.1,80.0,Low,3.7,Final Acquisition Complete,31,0
LA-UT-2026-0300,Kanpur Multimodal Logistics Hub & Industrial Township,Uttar Pradesh,Kanpur,Industrial Corridors & SEZ,638.4,792,59.4,85,2,False,True,19.2,55.1,High,6.3,Rehabilitation & Resettlement (R&R),138,1
LA-UT-2026-0301,Gorakhpur Block-IV Mineral Extraction & Processing Node,Uttar Pradesh,Gorakhpur,Mining & Coal Exploration,505.2,443,93.7,12,0,True,True,83.1,55.9,Medium,6.7,Final Acquisition Complete,0,0
LA-TA-2026-0302,Salem Block-IV Mineral Extraction & Processing Node,Tamil Nadu,Salem,Mining & Coal Exploration,1029.6,1386,19.6,66,4,True,True,10.2,15.1,Medium,4.2,Compensation Assessment,129,1
LA-MA-2026-0303,Jabalpur Multi-Village Barrage & Micro-Irrigation Canal,Madhya Pradesh,Jabalpur,Irrigation & Water Reservoirs,1029.6,1872,6.7,6,0,False,True,0.0,0.0,Medium,6.1,Land Survey & Demarcation,61,1
LA-TA-2026-0304,Chennai Bypass 6-Lane Expressway Expansion,Tamil Nadu,Chennai,Highways & Expressways,579.2,984,3.9,38,0,False,True,0.0,0.0,Low,4.1,Land Survey & Demarcation,96,1
LA-GU-2026-0305,Vadodara Ring-Rail & Transit Oriented Development,Gujarat,Vadodara,Urban Metros & Smart Cities,777.3,1071,9.9,12,1,False,True,0.0,0.0,Low,4.3,Land Survey & Demarcation,85,1
LA-OD-2026-0306,Balasore Bypass 6-Lane Expressway Expansion,Odisha,Balasore,Highways & Expressways,127.0,133,10.0,33,0,False,True,0.0,0.0,Low,5.3,Land Survey & Demarcation,94,1
LA-MA-2026-0307,Pune Ultra-Mega 500MW Solar Photovoltaic Park,Maharashtra,Pune,Renewable Energy & Solar Parks,433.3,923,87.6,32,2,True,True,28.2,35.2,High,4.6,Compensation Disbursement,31,0
LA-MA-2026-0308,Aurangabad Block-IV Mineral Extraction & Processing Node,Maharashtra,Aurangabad,Mining & Coal Exploration,980.4,1617,99.0,30,0,True,True,82.5,88.5,High,5.8,Final Acquisition Complete,5,0
LA-JH-2026-0309,Bokaro Dedicated Freight Rail Freight Corridor & Terminal,Jharkhand,Bokaro,Railways & Dedicated Freight,965.2,1278,28.7,56,0,True,True,10.5,5.3,Medium,6.2,Objection / Legal Hearing (Sec 15),75,0
LA-UT-2026-0310,Agra Dedicated Freight Rail Freight Corridor & Terminal,Uttar Pradesh,Agra,Railways & Dedicated Freight,611.3,549,40.5,50,4,True,True,3.1,4.1,Medium,5.8,Objection / Legal Hearing (Sec 15),113,1
LA-MA-2026-0311,Pune Ring-Rail & Transit Oriented Development,Maharashtra,Pune,Urban Metros & Smart Cities,1150.6,2526,79.5,27,1,True,True,95.9,94.0,Medium,4.6,Final Acquisition Complete,22,0
LA-AN-2026-0312,Kurnool Ring-Rail & Transit Oriented Development,Andhra Pradesh,Kurnool,Urban Metros & Smart Cities,587.0,928,50.6,68,5,True,True,37.5,23.7,Medium,4.8,Rehabilitation & Resettlement (R&R),126,1
LA-JH-2026-0313,Dhanbad Ring-Rail & Transit Oriented Development,Jharkhand,Dhanbad,Urban Metros & Smart Cities,244.9,251,43.5,58,1,True,True,5.1,3.7,Medium,6.7,Compensation Assessment,92,1
LA-GU-2026-0314,Vadodara Multimodal Logistics Hub & Industrial Township,Gujarat,Vadodara,Industrial Corridors & SEZ,981.7,1906,29.4,65,1,False,True,12.8,3.9,Low,4.4,Objection / Legal Hearing (Sec 15),128,1
LA-MA-2026-0315,Indore Multimodal Logistics Hub & Industrial Township,Madhya Pradesh,Indore,Industrial Corridors & SEZ,947.8,1042,61.9,42,1,True,True,25.9,49.5,High,4.3,Compensation Disbursement,27,0
LA-MA-2026-0316,Nashik Ultra-Mega 500MW Solar Photovoltaic Park,Maharashtra,Nashik,Renewable Energy & Solar Parks,429.4,568,33.8,27,4,False,True,9.1,11.5,Medium,5.0,Compensation Assessment,110,1
LA-MA-2026-0317,Gwalior Multimodal Logistics Hub & Industrial Township,Madhya Pradesh,Gwalior,Industrial Corridors & SEZ,1045.2,1861,6.3,4,2,False,True,0.0,0.0,Low,5.2,Land Survey & Demarcation,99,1
LA-OD-2026-0318,Sundargarh Multimodal Logistics Hub & Industrial Township,Odisha,Sundargarh,Industrial Corridors & SEZ,343.7,477,48.6,33,1,False,True,33.5,63.3,Low,6.9,Rehabilitation & Resettlement (R&R),108,1
LA-OD-2026-0319,Sundargarh Dedicated Freight Rail Freight Corridor & Terminal,Odisha,Sundargarh,Railways & Dedicated Freight,146.0,91,60.6,43,0,True,True,11.1,34.9,High,6.7,Rehabilitation & Resettlement (R&R),34,0
LA-GU-2026-0320,Vadodara Dedicated Freight Rail Freight Corridor & Terminal,Gujarat,Vadodara,Railways & Dedicated Freight,643.9,541,5.4,29,2,False,True,0.0,0.0,High,3.8,Land Survey & Demarcation,91,1
LA-MA-2026-0321,Indore Ultra-Mega 500MW Solar Photovoltaic Park,Madhya Pradesh,Indore,Renewable Energy & Solar Parks,766.5,1358,85.7,15,0,True,True,85.6,65.5,High,4.0,Possession (Sec 38),2,0
LA-MA-2026-0322,Nashik Bypass 6-Lane Expressway Expansion,Maharashtra,Nashik,Highways & Expressways,639.9,1290,4.3,44,0,False,False,0.0,0.0,High,4.8,Preliminary Investigation,75,1
LA-MA-2026-0323,Jabalpur Dedicated Freight Rail Freight Corridor & Terminal,Madhya Pradesh,Jabalpur,Railways & Dedicated Freight,669.1,586,6.6,45,0,True,False,0.0,0.0,High,5.6,Preliminary Investigation,47,0
LA-OD-2026-0324,Sundargarh Ring-Rail & Transit Oriented Development,Odisha,Sundargarh,Urban Metros & Smart Cities,359.5,713,24.5,63,0,True,True,12.8,3.6,High,7.1,Compensation Assessment,72,0
LA-MA-2026-0325,Indore Bypass 6-Lane Expressway Expansion,Madhya Pradesh,Indore,Highways & Expressways,1167.5,1242,6.6,5,0,True,True,0.0,0.0,Medium,4.8,Land Survey & Demarcation,24,0
LA-OD-2026-0326,Sundargarh Block-IV Mineral Extraction & Processing Node,Odisha,Sundargarh,Mining & Coal Exploration,843.9,475,92.5,2,0,True,True,65.8,63.3,High,7.1,Possession (Sec 38),0,0
LA-OD-2026-0327,Sundargarh Ring-Rail & Transit Oriented Development,Odisha,Sundargarh,Urban Metros & Smart Cities,477.1,1168,44.8,31,4,True,True,3.0,14.7,High,6.7,Objection / Legal Hearing (Sec 15),104,1
LA-AN-2026-0328,Guntur Ultra-Mega 500MW Solar Photovoltaic Park,Andhra Pradesh,Guntur,Renewable Energy & Solar Parks,168.5,246,80.8,7,0,True,True,62.1,83.3,High,5.1,Final Acquisition Complete,0,0
LA-UT-2026-0329,Gorakhpur Bypass 6-Lane Expressway Expansion,Uttar Pradesh,Gorakhpur,Highways & Expressways,833.9,675,77.5,29,0,True,True,80.0,84.3,Low,6.0,Possession (Sec 38),37,0
LA-UT-2026-0330,Kanpur Ultra-Mega 500MW Solar Photovoltaic Park,Uttar Pradesh,Kanpur,Renewable Energy & Solar Parks,971.5,1338,69.8,66,3,True,True,24.3,21.7,High,5.6,Compensation Disbursement,110,1
LA-MA-2026-0331,Indore Multi-Village Barrage & Micro-Irrigation Canal,Madhya Pradesh,Indore,Irrigation & Water Reservoirs,1044.5,1772,15.6,51,4,True,True,8.0,9.0,High,4.1,Compensation Assessment,124,1
LA-GU-2026-0332,Surat Ultra-Mega 500MW Solar Photovoltaic Park,Gujarat,Surat,Renewable Energy & Solar Parks,401.8,251,38.7,41,1,False,True,2.8,13.7,Medium,3.4,Objection / Legal Hearing (Sec 15),87,1
LA-TA-2026-0333,Chennai Dedicated Freight Rail Freight Corridor & Terminal,Tamil Nadu,Chennai,Railways & Dedicated Freight,1051.4,950,1.5,42,2,False,True,0.0,0.0,High,4.1,Land Survey & Demarcation,108,1
LA-AN-2026-0334,Visakhapatnam Dedicated Freight Rail Freight Corridor & Terminal,Andhra Pradesh,Visakhapatnam,Railways & Dedicated Freight,1115.9,2414,89.2,26,0,True,True,74.4,87.2,Medium,3.7,Possession (Sec 38),2,0
LA-JH-2026-0335,Hazaribagh Block-IV Mineral Extraction & Processing Node,Jharkhand,Hazaribagh,Mining & Coal Exploration,1134.9,2747,10.9,12,2,False,True,0.0,0.0,Medium,5.5,Notification (Sec 11),93,1
LA-OD-2026-0336,Balasore Multi-Village Barrage & Micro-Irrigation Canal,Odisha,Balasore,Irrigation & Water Reservoirs,925.4,1529,10.5,10,0,False,True,0.0,0.0,Medium,5.8,Notification (Sec 11),61,1
LA-TA-2026-0337,Coimbatore Block-IV Mineral Extraction & Processing Node,Tamil Nadu,Coimbatore,Mining & Coal Exploration,1190.0,1367,92.9,7,1,True,True,77.2,86.3,High,4.2,Final Acquisition Complete,0,0
LA-GU-2026-0338,Vadodara Bypass 6-Lane Expressway Expansion,Gujarat,Vadodara,Highways & Expressways,1180.0,1996,14.9,19,0,False,False,0.0,0.0,Medium,4.4,Preliminary Investigation,63,1
LA-TA-2026-0339,Chennai Ultra-Mega 500MW Solar Photovoltaic Park,Tamil Nadu,Chennai,Renewable Energy & Solar Parks,678.7,1596,71.1,28,0,True,True,74.2,56.9,High,4.9,Final Acquisition Complete,13,0
LA-AN-2026-0340,Guntur Multimodal Logistics Hub & Industrial Township,Andhra Pradesh,Guntur,Industrial Corridors & SEZ,875.2,1825,12.4,38,0,False,True,0.0,0.0,Medium,5.3,Notification (Sec 11),94,1
LA-GU-2026-0341,Ahmedabad Ring-Rail & Transit Oriented Development,Gujarat,Ahmedabad,Urban Metros & Smart Cities,514.4,1150,39.7,16,3,True,True,36.1,45.1,Medium,3.4,Rehabilitation & Resettlement (R&R),71,1
LA-TA-2026-0342,Coimbatore Multimodal Logistics Hub & Industrial Township,Tamil Nadu,Coimbatore,Industrial Corridors & SEZ,1166.0,2338,30.9,53,1,True,True,27.3,54.3,Low,3.5,Rehabilitation & Resettlement (R&R),91,1
LA-JH-2026-0343,Hazaribagh Ring-Rail & Transit Oriented Development,Jharkhand,Hazaribagh,Urban Metros & Smart Cities,920.4,1345,5.9,35,0,False,True,0.0,0.0,High,5.9,Land Survey & Demarcation,71,1
LA-OD-2026-0344,Sambalpur Ultra-Mega 500MW Solar Photovoltaic Park,Odisha,Sambalpur,Renewable Energy & Solar Parks,157.2,208,2.9,19,0,False,True,0.0,0.0,Medium,6.2,Notification (Sec 11),70,1
LA-MA-2026-0345,Indore Multimodal Logistics Hub & Industrial Township,Madhya Pradesh,Indore,Industrial Corridors & SEZ,208.3,407,73.1,11,2,True,True,19.7,46.1,Medium,4.0,Compensation Disbursement,23,0
LA-MA-2026-0346,Thane Ultra-Mega 500MW Solar Photovoltaic Park,Maharashtra,Thane,Renewable Energy & Solar Parks,264.5,409,26.9,53,0,False,True,10.9,2.8,High,6.6,Objection / Legal Hearing (Sec 15),84,1
LA-JH-2026-0347,East Singhbhum Ultra-Mega 500MW Solar Photovoltaic Park,Jharkhand,East Singhbhum,Renewable Energy & Solar Parks,87.4,158,23.6,18,2,False,True,4.1,17.0,Low,6.8,Compensation Assessment,105,1
LA-GU-2026-0348,Surat Block-IV Mineral Extraction & Processing Node,Gujarat,Surat,Mining & Coal Exploration,1043.5,1631,85.0,1,0,True,True,78.3,96.3,Medium,3.7,Possession (Sec 38),0,0
LA-AN-2026-0349,Guntur Multimodal Logistics Hub & Industrial Township,Andhra Pradesh,Guntur,Industrial Corridors & SEZ,442.6,488,88.6,13,3,True,True,21.0,18.1,High,4.4,Compensation Disbursement,24,0
LA-OD-2026-0350,Sambalpur Multimodal Logistics Hub & Industrial Township,Odisha,Sambalpur,Industrial Corridors & SEZ,636.8,1181,69.6,87,2,False,True,26.7,43.6,Medium,6.0,Rehabilitation & Resettlement (R&R),135,1
LA-UT-2026-0351,Varanasi Dedicated Freight Rail Freight Corridor & Terminal,Uttar Pradesh,Varanasi,Railways & Dedicated Freight,388.1,741,2.0,20,0,True,True,0.0,0.0,Low,6.0,Land Survey & Demarcation,64,1
LA-MA-2026-0352,Nagpur Ring-Rail & Transit Oriented Development,Maharashtra,Nagpur,Urban Metros & Smart Cities,1059.2,1406,53.8,34,1,True,True,47.4,59.7,Low,4.4,Compensation Disbursement,68,1
LA-JH-2026-0353,Hazaribagh Ultra-Mega 500MW Solar Photovoltaic Park,Jharkhand,Hazaribagh,Renewable Energy & Solar Parks,296.3,163,37.3,28,2,True,True,2.0,16.9,High,6.0,Objection / Legal Hearing (Sec 15),67,1
LA-UT-2026-0354,Varanasi Bypass 6-Lane Expressway Expansion,Uttar Pradesh,Varanasi,Highways & Expressways,1141.5,1078,17.1,67,4,True,True,3.1,3.5,Medium,6.1,Compensation Assessment,123,1
LA-OD-2026-0355,Jharsuguda Multi-Village Barrage & Micro-Irrigation Canal,Odisha,Jharsuguda,Irrigation & Water Reservoirs,488.1,1160,59.9,23,5,True,True,35.7,50.2,High,6.4,Compensation Disbursement,102,1
LA-JH-2026-0356,Dhanbad Ultra-Mega 500MW Solar Photovoltaic Park,Jharkhand,Dhanbad,Renewable Energy & Solar Parks,631.4,1112,43.9,31,3,True,True,25.9,30.2,High,7.0,Rehabilitation & Resettlement (R&R),96,1
LA-JH-2026-0357,Hazaribagh Bypass 6-Lane Expressway Expansion,Jharkhand,Hazaribagh,Highways & Expressways,158.0,325,90.9,0,0,True,True,65.4,70.7,Medium,6.0,Final Acquisition Complete,0,0
LA-OD-2026-0358,Jharsuguda Multimodal Logistics Hub & Industrial Township,Odisha,Jharsuguda,Industrial Corridors & SEZ,869.1,649,6.7,33,0,False,True,0.0,0.0,High,6.3,Land Survey & Demarcation,75,1
LA-UT-2026-0359,Agra Block-IV Mineral Extraction & Processing Node,Uttar Pradesh,Agra,Mining & Coal Exploration,215.5,170,0.8,28,1,False,True,0.0,0.0,Medium,5.4,Land Survey & Demarcation,96,1
LA-MA-2026-0360,Nagpur Bypass 6-Lane Expressway Expansion,Maharashtra,Nagpur,Highways & Expressways,609.7,912,88.2,15,1,True,True,79.7,60.8,High,4.5,Possession (Sec 38),5,0
LA-MA-2026-0361,Aurangabad Ultra-Mega 500MW Solar Photovoltaic Park,Maharashtra,Aurangabad,Renewable Energy & Solar Parks,988.6,904,71.7,21,0,True,True,74.0,57.3,High,5.5,Final Acquisition Complete,0,0
LA-AN-2026-0362,Guntur Dedicated Freight Rail Freight Corridor & Terminal,Andhra Pradesh,Guntur,Railways & Dedicated Freight,814.7,1403,8.9,29,0,False,True,0.0,0.0,High,4.8,Land Survey & Demarcation,65,1
LA-JH-2026-0363,Ranchi Ring-Rail & Transit Oriented Development,Jharkhand,Ranchi,Urban Metros & Smart Cities,916.2,2003,7.1,21,1,True,True,0.0,0.0,High,7.8,Notification (Sec 11),66,1
LA-OD-2026-0364,Sambalpur Multimodal Logistics Hub & Industrial Township,Odisha,Sambalpur,Industrial Corridors & SEZ,1184.9,1738,98.0,27,1,True,True,99.5,64.4,Medium,6.6,Final Acquisition Complete,28,0
LA-TA-2026-0365,Coimbatore Multi-Village Barrage & Micro-Irrigation Canal,Tamil Nadu,Coimbatore,Irrigation & Water Reservoirs,974.4,2209,78.7,20,0,True,True,67.7,55.9,Low,4.0,Possession (Sec 38),9,0
LA-OD-2026-0366,Balasore Ultra-Mega 500MW Solar Photovoltaic Park,Odisha,Balasore,Renewable Energy & Solar Parks,38.3,34,37.7,19,0,True,True,4.6,10.1,Medium,5.4,Objection / Legal Hearing (Sec 15),22,0
LA-JH-2026-0367,Dhanbad Multi-Village Barrage & Micro-Irrigation Canal,Jharkhand,Dhanbad,Irrigation & Water Reservoirs,961.8,1722,88.8,14,0,True,True,95.7,76.8,High,7.2,Possession (Sec 38),0,0
LA-JH-2026-0368,Hazaribagh Ultra-Mega 500MW Solar Photovoltaic Park,Jharkhand,Hazaribagh,Renewable Energy & Solar Parks,269.7,504,13.3,9,0,False,False,0.0,0.0,Medium,5.7,Preliminary Investigation,53,1
LA-TA-2026-0369,Salem Multi-Village Barrage & Micro-Irrigation Canal,Tamil Nadu,Salem,Irrigation & Water Reservoirs,724.4,1614,10.6,17,0,False,True,0.0,0.0,High,4.1,Land Survey & Demarcation,49,0
LA-OD-2026-0370,Sundargarh Block-IV Mineral Extraction & Processing Node,Odisha,Sundargarh,Mining & Coal Exploration,156.9,324,13.7,30,0,False,True,0.0,0.0,High,6.8,Land Survey & Demarcation,80,1
LA-TA-2026-0371,Salem Dedicated Freight Rail Freight Corridor & Terminal,Tamil Nadu,Salem,Railways & Dedicated Freight,991.0,2354,2.0,29,0,False,True,0.0,0.0,High,4.3,Notification (Sec 11),60,1
LA-MA-2026-0372,Pune Ring-Rail & Transit Oriented Development,Maharashtra,Pune,Urban Metros & Smart Cities,416.6,949,11.5,1,1,False,True,0.0,0.0,High,4.8,Notification (Sec 11),51,1
LA-OD-2026-0373,Sundargarh Ring-Rail & Transit Oriented Development,Odisha,Sundargarh,Urban Metros & Smart Cities,813.6,850,73.4,6,0,True,True,98.3,78.0,High,7.1,Possession (Sec 38),0,0
LA-TA-2026-0374,Madurai Dedicated Freight Rail Freight Corridor & Terminal,Tamil Nadu,Madurai,Railways & Dedicated Freight,108.7,187,6.7,30,0,True,True,0.0,0.0,Low,4.0,Land Survey & Demarcation,65,1
LA-JH-2026-0375,Ranchi Ultra-Mega 500MW Solar Photovoltaic Park,Jharkhand,Ranchi,Renewable Energy & Solar Parks,749.2,842,91.4,18,0,True,True,86.8,76.7,Medium,7.5,Possession (Sec 38),15,0
LA-MA-2026-0376,Bhopal Multi-Village Barrage & Micro-Irrigation Canal,Madhya Pradesh,Bhopal,Irrigation & Water Reservoirs,297.2,281,88.5,29,1,True,True,96.5,69.6,Medium,5.5,Possession (Sec 38),20,0
LA-TA-2026-0377,Salem Multi-Village Barrage & Micro-Irrigation Canal,Tamil Nadu,Salem,Irrigation & Water Reservoirs,1018.8,1084,87.2,25,1,True,True,80.3,70.3,Low,3.6,Possession (Sec 38),30,0
LA-MA-2026-0378,Thane Ultra-Mega 500MW Solar Photovoltaic Park,Maharashtra,Thane,Renewable Energy & Solar Parks,668.8,1637,21.9,48,4,True,True,12.2,11.8,High,6.8,Objection / Legal Hearing (Sec 15),114,1
LA-UT-2026-0379,Lucknow Bypass 6-Lane Expressway Expansion,Uttar Pradesh,Lucknow,Highways & Expressways,407.3,283,79.2,26,1,True,True,76.2,79.9,High,5.5,Possession (Sec 38),13,0
LA-GU-2026-0380,Vadodara Ring-Rail & Transit Oriented Development,Gujarat,Vadodara,Urban Metros & Smart Cities,1067.5,2462,0.0,28,0,True,True,0.0,0.0,High,3.5,Land Survey & Demarcation,28,0
LA-MA-2026-0381,Indore Ring-Rail & Transit Oriented Development,Madhya Pradesh,Indore,Urban Metros & Smart Cities,1104.2,2620,42.0,56,4,False,True,14.9,11.7,Medium,4.1,Compensation Assessment,118,1
LA-JH-2026-0382,East Singhbhum Ultra-Mega 500MW Solar Photovoltaic Park,Jharkhand,East Singhbhum,Renewable Energy & Solar Parks,153.9,163,53.1,58,3,False,True,33.6,46.3,High,6.0,Compensation Disbursement,120,1
LA-UT-2026-0383,Agra Block-IV Mineral Extraction & Processing Node,Uttar Pradesh,Agra,Mining & Coal Exploration,206.3,514,33.7,27,3,False,True,12.9,15.8,Low,6.0,Rehabilitation & Resettlement (R&R),114,1
LA-GU-2026-0384,Rajkot Ultra-Mega 500MW Solar Photovoltaic Park,Gujarat,Rajkot,Renewable Energy & Solar Parks,558.9,753,5.8,27,0,True,True,0.0,0.0,High,4.5,Land Survey & Demarcation,34,0
LA-MA-2026-0385,Indore Ultra-Mega 500MW Solar Photovoltaic Park,Madhya Pradesh,Indore,Renewable Energy & Solar Parks,64.3,37,49.0,77,1,True,True,33.2,63.1,Medium,4.7,Compensation Disbursement,95,1
LA-MA-2026-0386,Aurangabad Multimodal Logistics Hub & Industrial Township,Maharashtra,Aurangabad,Industrial Corridors & SEZ,828.8,1308,9.2,30,0,False,True,0.0,0.0,High,5.5,Notification (Sec 11),68,1
LA-MA-2026-0387,Jabalpur Block-IV Mineral Extraction & Processing Node,Madhya Pradesh,Jabalpur,Mining & Coal Exploration,66.5,155,10.9,3,1,False,True,0.0,0.0,High,6.1,Land Survey & Demarcation,64,1
LA-JH-2026-0388,East Singhbhum Bypass 6-Lane Expressway Expansion,Jharkhand,East Singhbhum,Highways & Expressways,619.1,1363,2.0,16,1,False,True,0.0,0.0,Low,6.3,Land Survey & Demarcation,95,1
LA-UT-2026-0389,Kanpur Dedicated Freight Rail Freight Corridor & Terminal,Uttar Pradesh,Kanpur,Railways & Dedicated Freight,944.5,918,28.5,24,4,True,True,0.5,19.7,High,5.8,Compensation Assessment,95,1
LA-GU-2026-0390,Rajkot Dedicated Freight Rail Freight Corridor & Terminal,Gujarat,Rajkot,Railways & Dedicated Freight,88.8,91,28.4,39,5,False,True,28.6,38.8,High,4.2,Compensation Disbursement,113,1
LA-GU-2026-0391,Rajkot Block-IV Mineral Extraction & Processing Node,Gujarat,Rajkot,Mining & Coal Exploration,473.9,536,98.7,30,0,True,True,63.9,76.6,High,4.0,Possession (Sec 38),4,0
LA-AN-2026-0392,Guntur Ultra-Mega 500MW Solar Photovoltaic Park,Andhra Pradesh,Guntur,Renewable Energy & Solar Parks,566.8,1048,68.7,80,2,True,True,40.8,41.0,Low,4.7,Rehabilitation & Resettlement (R&R),119,1
LA-MA-2026-0393,Pune Block-IV Mineral Extraction & Processing Node,Maharashtra,Pune,Mining & Coal Exploration,877.2,880,31.7,20,4,True,True,0.9,11.9,Low,4.7,Objection / Legal Hearing (Sec 15),109,1
LA-UT-2026-0394,Agra Dedicated Freight Rail Freight Corridor & Terminal,Uttar Pradesh,Agra,Railways & Dedicated Freight,842.4,848,14.0,17,2,False,True,0.0,0.0,High,5.8,Notification (Sec 11),89,1
LA-TA-2026-0395,Madurai Multi-Village Barrage & Micro-Irrigation Canal,Tamil Nadu,Madurai,Irrigation & Water Reservoirs,415.9,257,42.2,60,5,True,True,27.6,39.6,Medium,4.5,Rehabilitation & Resettlement (R&R),123,1
LA-MA-2026-0396,Nagpur Bypass 6-Lane Expressway Expansion,Maharashtra,Nagpur,Highways & Expressways,865.6,611,87.1,4,0,True,True,70.0,72.3,Low,4.3,Possession (Sec 38),0,0
LA-GU-2026-0397,Vadodara Bypass 6-Lane Expressway Expansion,Gujarat,Vadodara,Highways & Expressways,856.4,1748,82.1,17,0,True,True,89.1,90.6,Medium,3.8,Final Acquisition Complete,9,0
LA-MA-2026-0398,Bhopal Multimodal Logistics Hub & Industrial Township,Madhya Pradesh,Bhopal,Industrial Corridors & SEZ,495.7,874,13.2,42,3,True,True,8.0,19.2,Medium,5.2,Compensation Assessment,115,1
LA-JH-2026-0399,Bokaro Bypass 6-Lane Expressway Expansion,Jharkhand,Bokaro,Highways & Expressways,596.6,1354,37.3,59,3,True,True,11.4,16.3,Low,6.0,Compensation Disbursement,118,1
LA-AN-2026-0400,Kurnool Bypass 6-Lane Expressway Expansion,Andhra Pradesh,Kurnool,Highways & Expressways,423.7,498,6.1,43,2,True,False,0.0,0.0,High,5.1,Preliminary Investigation,99,1
LA-OD-2026-0401,Bhubaneswar Multi-Village Barrage & Micro-Irrigation Canal,Odisha,Bhubaneswar,Irrigation & Water Reservoirs,310.2,557,9.5,29,0,False,False,0.0,0.0,High,5.0,Preliminary Investigation,68,1
LA-MA-2026-0402,Pune Bypass 6-Lane Expressway Expansion,Maharashtra,Pune,Highways & Expressways,525.8,1116,33.7,22,4,False,True,4.9,19.5,Medium,4.6,Objection / Legal Hearing (Sec 15),100,1
LA-OD-2026-0403,Bhubaneswar Dedicated Freight Rail Freight Corridor & Terminal,Odisha,Bhubaneswar,Railways & Dedicated Freight,222.5,275,40.8,12,1,False,True,33.3,21.7,High,4.4,Rehabilitation & Resettlement (R&R),52,0
LA-JH-2026-0404,Dhanbad Block-IV Mineral Extraction & Processing Node,Jharkhand,Dhanbad,Mining & Coal Exploration,839.9,1750,33.2,40,3,False,True,15.7,28.5,Medium,6.9,Rehabilitation & Resettlement (R&R),113,1
LA-JH-2026-0405,Hazaribagh Multimodal Logistics Hub & Industrial Township,Jharkhand,Hazaribagh,Industrial Corridors & SEZ,433.7,220,14.1,69,4,True,True,8.0,1.9,Medium,6.4,Compensation Assessment,131,1
LA-OD-2026-0406,Sundargarh Ring-Rail & Transit Oriented Development,Odisha,Sundargarh,Urban Metros & Smart Cities,609.6,499,71.6,10,0,True,True,74.6,60.5,High,6.7,Possession (Sec 38),0,0
LA-MA-2026-0407,Bhopal Dedicated Freight Rail Freight Corridor & Terminal,Madhya Pradesh,Bhopal,Railways & Dedicated Freight,594.9,435,10.8,26,1,False,False,0.0,0.0,Medium,5.3,Preliminary Investigation,89,1
LA-TA-2026-0408,Coimbatore Multimodal Logistics Hub & Industrial Township,Tamil Nadu,Coimbatore,Industrial Corridors & SEZ,1047.1,1309,55.6,88,1,True,True,29.4,59.5,High,3.4,Rehabilitation & Resettlement (R&R),83,0
LA-TA-2026-0409,Coimbatore Block-IV Mineral Extraction & Processing Node,Tamil Nadu,Coimbatore,Mining & Coal Exploration,419.7,236,19.8,48,1,True,True,1.7,9.3,Medium,3.7,Objection / Legal Hearing (Sec 15),67,1
LA-UT-2026-0410,Kanpur Dedicated Freight Rail Freight Corridor & Terminal,Uttar Pradesh,Kanpur,Railways & Dedicated Freight,508.7,785,3.2,17,2,False,True,0.0,0.0,Low,6.0,Notification (Sec 11),99,1
LA-OD-2026-0411,Sambalpur Ultra-Mega 500MW Solar Photovoltaic Park,Odisha,Sambalpur,Renewable Energy & Solar Parks,1098.7,2523,0.7,27,0,False,True,0.0,0.0,High,6.8,Land Survey & Demarcation,80,1
LA-MA-2026-0412,Nashik Multimodal Logistics Hub & Industrial Township,Maharashtra,Nashik,Industrial Corridors & SEZ,1141.2,873,67.1,68,1,True,True,13.6,39.0,High,5.4,Rehabilitation & Resettlement (R&R),59,0
LA-JH-2026-0413,Bokaro Dedicated Freight Rail Freight Corridor & Terminal,Jharkhand,Bokaro,Railways & Dedicated Freight,761.5,1452,65.8,64,2,True,True,25.4,49.5,Medium,6.3,Compensation Disbursement,100,1
LA-OD-2026-0414,Bhubaneswar Ultra-Mega 500MW Solar Photovoltaic Park,Odisha,Bhubaneswar,Renewable Energy & Solar Parks,1068.4,771,65.2,36,5,True,True,24.6,23.8,Medium,5.2,Compensation Disbursement,103,1
LA-OD-2026-0415,Balasore Ultra-Mega 500MW Solar Photovoltaic Park,Odisha,Balasore,Renewable Energy & Solar Parks,910.0,1839,41.4,52,0,True,True,7.6,8.5,Medium,6.0,Objection / Legal Hearing (Sec 15),56,0
LA-MA-2026-0416,Nashik Block-IV Mineral Extraction & Processing Node,Maharashtra,Nashik,Mining & Coal Exploration,754.6,1584,94.3,2,0,True,True,97.6,53.3,Low,5.1,Possession (Sec 38),0,0
LA-UT-2026-0417,Gorakhpur Bypass 6-Lane Expressway Expansion,Uttar Pradesh,Gorakhpur,Highways & Expressways,608.2,1368,9.4,43,2,False,True,0.0,0.0,High,6.0,Land Survey & Demarcation,105,1
LA-MA-2026-0418,Jabalpur Dedicated Freight Rail Freight Corridor & Terminal,Madhya Pradesh,Jabalpur,Railways & Dedicated Freight,50.9,107,7.8,37,2,False,True,0.0,0.0,Medium,5.3,Notification (Sec 11),108,1
LA-TA-2026-0419,Salem Multi-Village Barrage & Micro-Irrigation Canal,Tamil Nadu,Salem,Irrigation & Water Reservoirs,382.3,292,75.2,24,0,True,True,70.4,74.2,Low,4.3,Possession (Sec 38),23,0
LA-AN-2026-0420,Kurnool Ultra-Mega 500MW Solar Photovoltaic Park,Andhra Pradesh,Kurnool,Renewable Energy & Solar Parks,239.2,203,41.7,45,0,True,True,11.9,3.2,High,4.9,Compensation Assessment,35,0
LA-AN-2026-0421,Guntur Block-IV Mineral Extraction & Processing Node,Andhra Pradesh,Guntur,Mining & Coal Exploration,198.8,277,59.7,68,1,False,True,14.9,16.2,Medium,4.4,Compensation Disbursement,113,1
LA-TA-2026-0422,Madurai Ultra-Mega 500MW Solar Photovoltaic Park,Tamil Nadu,Madurai,Renewable Energy & Solar Parks,964.5,1887,5.1,2,2,True,True,0.0,0.0,Medium,4.6,Land Survey & Demarcation,59,1
LA-MA-2026-0423,Thane Block-IV Mineral Extraction & Processing Node,Maharashtra,Thane,Mining & Coal Exploration,408.5,701,7.9,1,0,False,True,0.0,0.0,Low,6.6,Notification (Sec 11),75,1
LA-MA-2026-0424,Bhopal Ultra-Mega 500MW Solar Photovoltaic Park,Madhya Pradesh,Bhopal,Renewable Energy & Solar Parks,1133.5,2626,74.4,0,0,True,True,94.2,68.5,Medium,5.3,Final Acquisition Complete,0,0
LA-AN-2026-0425,Kurnool Multi-Village Barrage & Micro-Irrigation Canal,Andhra Pradesh,Kurnool,Irrigation & Water Reservoirs,969.3,1044,88.1,86,5,True,True,27.0,59.8,Low,5.4,Rehabilitation & Resettlement (R&R),144,1
LA-AN-2026-0426,Kurnool Ultra-Mega 500MW Solar Photovoltaic Park,Andhra Pradesh,Kurnool,Renewable Energy & Solar Parks,128.9,170,51.9,33,1,True,True,32.2,50.5,High,5.0,Rehabilitation & Resettlement (R&R),36,0
LA-MA-2026-0427,Bhopal Multi-Village Barrage & Micro-Irrigation Canal,Madhya Pradesh,Bhopal,Irrigation & Water Reservoirs,894.3,848,74.6,15,1,True,True,72.0,82.0,Low,5.4,Final Acquisition Complete,32,0
LA-AN-2026-0428,Kurnool Bypass 6-Lane Expressway Expansion,Andhra Pradesh,Kurnool,Highways & Expressways,923.5,1372,9.0,36,2,False,True,0.0,0.0,High,5.3,Notification (Sec 11),100,1
LA-MA-2026-0429,Bhopal Block-IV Mineral Extraction & Processing Node,Madhya Pradesh,Bhopal,Mining & Coal Exploration,708.4,561,10.4,3,0,False,True,0.0,0.0,Medium,4.8,Land Survey & Demarcation,49,1
LA-TA-2026-0430,Chennai Ultra-Mega 500MW Solar Photovoltaic Park,Tamil Nadu,Chennai,Renewable Energy & Solar Parks,925.6,802,36.3,39,2,False,True,8.2,17.4,Medium,5.0,Objection / Legal Hearing (Sec 15),112,1
LA-TA-2026-0431,Coimbatore Multi-Village Barrage & Micro-Irrigation Canal,Tamil Nadu,Coimbatore,Irrigation & Water Reservoirs,424.9,986,35.0,68,3,True,True,18.8,24.4,Low,3.7,Rehabilitation & Resettlement (R&R),132,1
LA-UT-2026-0432,Lucknow Ring-Rail & Transit Oriented Development,Uttar Pradesh,Lucknow,Urban Metros & Smart Cities,1070.4,1814,80.3,7,0,True,True,88.4,51.4,Medium,5.1,Possession (Sec 38),0,0
LA-UT-2026-0433,Varanasi Multi-Village Barrage & Micro-Irrigation Canal,Uttar Pradesh,Varanasi,Irrigation & Water Reservoirs,116.3,238,0.6,42,0,True,True,0.0,0.0,High,6.3,Notification (Sec 11),55,0
LA-MA-2026-0434,Bhopal Bypass 6-Lane Expressway Expansion,Madhya Pradesh,Bhopal,Highways & Expressways,944.3,2209,13.5,1,1,True,True,0.0,0.0,Low,5.1,Notification (Sec 11),60,1
LA-AN-2026-0435,Guntur Ultra-Mega 500MW Solar Photovoltaic Park,Andhra Pradesh,Guntur,Renewable Energy & Solar Parks,618.3,393,36.7,73,1,True,True,7.9,14.3,Low,5.2,Objection / Legal Hearing (Sec 15),108,1
LA-MA-2026-0436,Nagpur Multimodal Logistics Hub & Industrial Township,Maharashtra,Nagpur,Industrial Corridors & SEZ,541.6,1308,5.3,13,2,False,True,0.0,0.0,High,4.2,Land Survey & Demarcation,90,1
LA-MA-2026-0437,Thane Ring-Rail & Transit Oriented Development,Maharashtra,Thane,Urban Metros & Smart Cities,853.1,1377,46.3,38,3,True,True,14.6,29.2,High,6.5,Compensation Disbursement,97,1
LA-GU-2026-0438,Surat Multimodal Logistics Hub & Industrial Township,Gujarat,Surat,Industrial Corridors & SEZ,235.7,588,31.8,28,0,True,True,27.5,47.9,High,3.8,Compensation Disbursement,16,0
LA-MA-2026-0439,Nagpur Ultra-Mega 500MW Solar Photovoltaic Park,Maharashtra,Nagpur,Renewable Energy & Solar Parks,169.2,368,43.1,55,3,True,True,38.5,44.1,High,4.0,Rehabilitation & Resettlement (R&R),98,1
LA-GU-2026-0440,Rajkot Bypass 6-Lane Expressway Expansion,Gujarat,Rajkot,Highways & Expressways,600.0,576,11.0,27,0,True,True,11.1,16.6,High,4.1,Compensation Assessment,20,0
LA-TA-2026-0441,Coimbatore Multimodal Logistics Hub & Industrial Township,Tamil Nadu,Coimbatore,Industrial Corridors & SEZ,926.9,1933,89.9,25,0,True,True,79.6,63.1,High,4.1,Final Acquisition Complete,3,0
LA-JH-2026-0442,Bokaro Ring-Rail & Transit Oriented Development,Jharkhand,Bokaro,Urban Metros & Smart Cities,545.0,311,67.9,65,3,True,True,41.2,59.2,Medium,6.1,Rehabilitation & Resettlement (R&R),119,1
LA-GU-2026-0443,Rajkot Ultra-Mega 500MW Solar Photovoltaic Park,Gujarat,Rajkot,Renewable Energy & Solar Parks,697.3,1012,85.2,19,0,True,True,75.7,74.7,Medium,4.1,Final Acquisition Complete,0,0
LA-AN-2026-0444,Guntur Block-IV Mineral Extraction & Processing Node,Andhra Pradesh,Guntur,Mining & Coal Exploration,976.2,1628,65.6,54,3,True,True,25.2,36.4,Low,4.5,Compensation Disbursement,111,1
LA-OD-2026-0445,Sambalpur Bypass 6-Lane Expressway Expansion,Odisha,Sambalpur,Highways & Expressways,159.5,133,11.3,39,3,False,True,9.9,8.4,Low,6.8,Compensation Assessment,113,1
LA-JH-2026-0446,East Singhbhum Ring-Rail & Transit Oriented Development,Jharkhand,East Singhbhum,Urban Metros & Smart Cities,142.6,263,85.1,9,1,True,True,90.6,67.0,Medium,6.6,Possession (Sec 38),6,0
LA-OD-2026-0447,Jharsuguda Ring-Rail & Transit Oriented Development,Odisha,Jharsuguda,Urban Metros & Smart Cities,276.5,284,87.2,22,0,True,True,92.2,81.2,High,5.8,Final Acquisition Complete,10,0
LA-TA-2026-0448,Madurai Dedicated Freight Rail Freight Corridor & Terminal,Tamil Nadu,Madurai,Railways & Dedicated Freight,959.9,1730,77.3,61,3,True,True,27.3,42.0,Medium,4.2,Compensation Disbursement,100,1
LA-MA-2026-0449,Indore Dedicated Freight Rail Freight Corridor & Terminal,Madhya Pradesh,Indore,Railways & Dedicated Freight,275.2,667,84.0,27,1,True,True,97.5,76.6,High,4.3,Possession (Sec 38),6,0
LA-JH-2026-0450,Hazaribagh Multimodal Logistics Hub & Industrial Township,Jharkhand,Hazaribagh,Industrial Corridors & SEZ,1016.8,1342,41.9,25,2,True,True,9.5,16.9,Medium,5.6,Compensation Assessment,69,1
LA-OD-2026-0451,Jharsuguda Ring-Rail & Transit Oriented Development,Odisha,Jharsuguda,Urban Metros & Smart Cities,570.4,923,32.6,38,0,True,True,0.6,3.2,Medium,5.7,Compensation Assessment,41,0
LA-UT-2026-0452,Lucknow Ring-Rail & Transit Oriented Development,Uttar Pradesh,Lucknow,Urban Metros & Smart Cities,393.8,431,14.3,25,0,False,True,0.0,0.0,Medium,4.7,Notification (Sec 11),72,1
LA-MA-2026-0453,Aurangabad Ultra-Mega 500MW Solar Photovoltaic Park,Maharashtra,Aurangabad,Renewable Energy & Solar Parks,608.3,413,37.1,35,3,False,True,4.7,16.6,High,5.8,Compensation Assessment,112,1
LA-MA-2026-0454,Nagpur Ring-Rail & Transit Oriented Development,Maharashtra,Nagpur,Urban Metros & Smart Cities,601.2,751,4.7,43,2,False,False,0.0,0.0,Medium,4.1,Preliminary Investigation,106,1
LA-UT-2026-0455,Gorakhpur Multimodal Logistics Hub & Industrial Township,Uttar Pradesh,Gorakhpur,Industrial Corridors & SEZ,1013.7,1849,10.4,16,0,False,False,0.0,0.0,High,6.1,Preliminary Investigation,58,1
LA-TA-2026-0456,Chennai Bypass 6-Lane Expressway Expansion,Tamil Nadu,Chennai,Highways & Expressways,1114.8,2604,85.9,90,3,True,True,40.3,29.9,Medium,4.5,Rehabilitation & Resettlement (R&R),120,1
LA-GU-2026-0457,Ahmedabad Multi-Village Barrage & Micro-Irrigation Canal,Gujarat,Ahmedabad,Irrigation & Water Reservoirs,890.9,2096,82.7,22,0,True,True,96.7,55.0,Medium,3.9,Possession (Sec 38),5,0
LA-TA-2026-0458,Salem Multi-Village Barrage & Micro-Irrigation Canal,Tamil Nadu,Salem,Irrigation & Water Reservoirs,920.3,1640,6.7,0,0,False,False,0.0,0.0,High,4.2,Preliminary Investigation,31,0
LA-AN-2026-0459,Guntur Multimodal Logistics Hub & Industrial Township,Andhra Pradesh,Guntur,Industrial Corridors & SEZ,1020.2,1909,4.8,16,0,False,True,0.0,0.0,Medium,4.6,Land Survey & Demarcation,61,1
LA-TA-2026-0460,Madurai Multi-Village Barrage & Micro-Irrigation Canal,Tamil Nadu,Madurai,Irrigation & Water Reservoirs,49.4,26,31.4,38,1,True,True,3.4,1.8,Medium,3.9,Objection / Legal Hearing (Sec 15),62,0
LA-GU-2026-0461,Vadodara Ultra-Mega 500MW Solar Photovoltaic Park,Gujarat,Vadodara,Renewable Energy & Solar Parks,41.6,64,13.9,7,2,False,True,0.0,0.0,Medium,3.6,Notification (Sec 11),80,1
LA-OD-2026-0462,Sundargarh Ring-Rail & Transit Oriented Development,Odisha,Sundargarh,Urban Metros & Smart Cities,730.1,1818,33.7,42,0,True,True,6.3,8.2,Medium,6.7,Objection / Legal Hearing (Sec 15),58,0
LA-MA-2026-0463,Indore Bypass 6-Lane Expressway Expansion,Madhya Pradesh,Indore,Highways & Expressways,181.5,208,90.6,19,1,True,True,88.5,85.4,Medium,4.3,Possession (Sec 38),17,0
LA-JH-2026-0464,Ranchi Ultra-Mega 500MW Solar Photovoltaic Park,Jharkhand,Ranchi,Renewable Energy & Solar Parks,31.3,47,14.7,8,1,False,False,0.0,0.0,High,7.8,Preliminary Investigation,85,1
LA-UT-2026-0465,Gorakhpur Multi-Village Barrage & Micro-Irrigation Canal,Uttar Pradesh,Gorakhpur,Irrigation & Water Reservoirs,130.3,250,3.9,8,0,False,True,0.0,0.0,High,6.1,Land Survey & Demarcation,46,1
LA-AN-2026-0466,Guntur Ultra-Mega 500MW Solar Photovoltaic Park,Andhra Pradesh,Guntur,Renewable Energy & Solar Parks,632.4,867,35.8,11,3,False,True,7.4,19.0,Medium,5.3,Compensation Assessment,100,1
LA-OD-2026-0467,Sambalpur Multi-Village Barrage & Micro-Irrigation Canal,Odisha,Sambalpur,Irrigation & Water Reservoirs,1194.4,2812,5.3,29,2,False,True,0.0,0.0,High,6.6,Notification (Sec 11),110,1
LA-UT-2026-0468,Lucknow Ring-Rail & Transit Oriented Development,Uttar Pradesh,Lucknow,Urban Metros & Smart Cities,906.2,1943,9.9,33,0,True,True,0.0,0.0,High,5.0,Land Survey & Demarcation,38,0
LA-MA-2026-0469,Nagpur Bypass 6-Lane Expressway Expansion,Maharashtra,Nagpur,Highways & Expressways,825.5,1536,30.7,15,0,True,True,14.3,16.7,High,4.6,Compensation Assessment,3,0
LA-MA-2026-0470,Gwalior Block-IV Mineral Extraction & Processing Node,Madhya Pradesh,Gwalior,Mining & Coal Exploration,796.0,1911,11.0,13,0,False,False,0.0,0.0,Low,5.6,Preliminary Investigation,76,1
LA-AN-2026-0471,Guntur Ultra-Mega 500MW Solar Photovoltaic Park,Andhra Pradesh,Guntur,Renewable Energy & Solar Parks,133.7,135,75.1,59,1,True,True,26.0,16.0,High,4.9,Rehabilitation & Resettlement (R&R),50,0
LA-UT-2026-0472,Lucknow Block-IV Mineral Extraction & Processing Node,Uttar Pradesh,Lucknow,Mining & Coal Exploration,446.9,309,3.0,30,2,False,True,0.0,0.0,Medium,5.4,Land Survey & Demarcation,106,1
LA-GU-2026-0473,Ahmedabad Multi-Village Barrage & Micro-Irrigation Canal,Gujarat,Ahmedabad,Irrigation & Water Reservoirs,134.2,204,69.0,90,5,False,True,35.9,50.7,High,3.7,Rehabilitation & Resettlement (R&R),147,1
LA-MA-2026-0474,Gwalior Dedicated Freight Rail Freight Corridor & Terminal,Madhya Pradesh,Gwalior,Railways & Dedicated Freight,1013.8,1567,11.7,59,4,True,True,1.1,0.9,High,5.2,Compensation Assessment,129,1
LA-AN-2026-0475,Guntur Bypass 6-Lane Expressway Expansion,Andhra Pradesh,Guntur,Highways & Expressways,236.0,204,72.5,23,1,True,True,95.1,64.9,High,4.9,Possession (Sec 38),11,0
LA-MA-2026-0476,Jabalpur Dedicated Freight Rail Freight Corridor & Terminal,Madhya Pradesh,Jabalpur,Railways & Dedicated Freight,116.9,288,10.1,0,0,False,True,0.0,0.0,High,6.1,Land Survey & Demarcation,44,0
LA-UT-2026-0477,Agra Multimodal Logistics Hub & Industrial Township,Uttar Pradesh,Agra,Industrial Corridors & SEZ,380.8,809,90.7,2,0,True,True,98.5,83.8,Medium,5.9,Possession (Sec 38),0,0
LA-OD-2026-0478,Bhubaneswar Bypass 6-Lane Expressway Expansion,Odisha,Bhubaneswar,Highways & Expressways,590.3,466,39.5,64,2,True,True,12.9,10.8,Medium,4.5,Objection / Legal Hearing (Sec 15),106,1
LA-JH-2026-0479,Ranchi Multi-Village Barrage & Micro-Irrigation Canal,Jharkhand,Ranchi,Irrigation & Water Reservoirs,48.1,67,78.8,0,0,True,True,93.2,69.6,Low,7.6,Possession (Sec 38),8,0
LA-GU-2026-0480,Rajkot Ultra-Mega 500MW Solar Photovoltaic Park,Gujarat,Rajkot,Renewable Energy & Solar Parks,68.5,89,35.4,12,1,True,True,14.0,18.1,High,4.2,Compensation Assessment,23,0
LA-TA-2026-0481,Chennai Bypass 6-Lane Expressway Expansion,Tamil Nadu,Chennai,Highways & Expressways,756.7,1356,83.1,11,0,True,True,66.5,86.3,High,5.0,Possession (Sec 38),1,0
LA-OD-2026-0482,Balasore Ring-Rail & Transit Oriented Development,Odisha,Balasore,Urban Metros & Smart Cities,179.1,194,98.8,11,1,True,True,93.3,83.7,High,5.7,Possession (Sec 38),0,0
LA-UT-2026-0483,Kanpur Multi-Village Barrage & Micro-Irrigation Canal,Uttar Pradesh,Kanpur,Irrigation & Water Reservoirs,228.6,185,11.9,15,1,False,True,0.0,0.0,Medium,5.5,Land Survey & Demarcation,83,1
LA-JH-2026-0484,East Singhbhum Ring-Rail & Transit Oriented Development,Jharkhand,East Singhbhum,Urban Metros & Smart Cities,62.6,39,88.5,10,0,True,True,64.8,61.2,Medium,6.2,Final Acquisition Complete,0,0
LA-AN-2026-0485,Vijayawada Bypass 6-Lane Expressway Expansion,Andhra Pradesh,Vijayawada,Highways & Expressways,1113.8,1532,12.6,39,0,True,False,0.0,0.0,High,4.5,Preliminary Investigation,31,0
LA-MA-2026-0486,Aurangabad Ring-Rail & Transit Oriented Development,Maharashtra,Aurangabad,Urban Metros & Smart Cities,1095.4,891,25.5,51,1,True,True,7.6,14.7,Medium,5.6,Objection / Legal Hearing (Sec 15),81,1
LA-MA-2026-0487,Nagpur Dedicated Freight Rail Freight Corridor & Terminal,Maharashtra,Nagpur,Railways & Dedicated Freight,426.1,643,81.2,7,1,True,True,90.2,68.0,Medium,4.5,Possession (Sec 38),1,0
LA-GU-2026-0488,Surat Multi-Village Barrage & Micro-Irrigation Canal,Gujarat,Surat,Irrigation & Water Reservoirs,958.7,1173,74.4,2,0,True,True,60.4,90.3,Medium,3.9,Final Acquisition Complete,0,0
LA-UT-2026-0489,Agra Multimodal Logistics Hub & Industrial Township,Uttar Pradesh,Agra,Industrial Corridors & SEZ,1085.5,668,10.7,26,1,False,True,0.0,0.0,High,5.9,Land Survey & Demarcation,81,1
LA-AN-2026-0490,Guntur Ultra-Mega 500MW Solar Photovoltaic Park,Andhra Pradesh,Guntur,Renewable Energy & Solar Parks,847.8,1180,8.2,44,2,False,True,0.0,0.0,Medium,4.7,Land Survey & Demarcation,108,1
LA-GU-2026-0491,Surat Multi-Village Barrage & Micro-Irrigation Canal,Gujarat,Surat,Irrigation & Water Reservoirs,636.6,1006,7.7,40,1,False,True,0.0,0.0,Medium,3.5,Land Survey & Demarcation,106,1
LA-AN-2026-0492,Vijayawada Ultra-Mega 500MW Solar Photovoltaic Park,Andhra Pradesh,Vijayawada,Renewable Energy & Solar Parks,885.1,1932,7.6,41,0,True,True,0.0,0.0,Low,4.3,Notification (Sec 11),74,1
LA-JH-2026-0493,Bokaro Ultra-Mega 500MW Solar Photovoltaic Park,Jharkhand,Bokaro,Renewable Energy & Solar Parks,1017.3,984,90.0,22,0,True,True,92.6,78.6,High,6.3,Final Acquisition Complete,4,0
LA-OD-2026-0494,Bhubaneswar Block-IV Mineral Extraction & Processing Node,Odisha,Bhubaneswar,Mining & Coal Exploration,140.1,269,72.5,6,0,True,True,62.5,94.4,High,5.1,Possession (Sec 38),1,0
LA-GU-2026-0495,Rajkot Multi-Village Barrage & Micro-Irrigation Canal,Gujarat,Rajkot,Irrigation & Water Reservoirs,884.8,1180,85.2,16,1,True,True,79.4,72.9,High,4.2,Possession (Sec 38),10,0
LA-OD-2026-0496,Jharsuguda Block-IV Mineral Extraction & Processing Node,Odisha,Jharsuguda,Mining & Coal Exploration,731.9,964,8.6,7,0,True,True,0.0,0.0,Medium,6.6,Notification (Sec 11),32,0
LA-TA-2026-0497,Madurai Ring-Rail & Transit Oriented Development,Tamil Nadu,Madurai,Urban Metros & Smart Cities,82.2,188,39.0,54,5,True,True,42.8,39.4,Low,3.8,Rehabilitation & Resettlement (R&R),117,1
LA-GU-2026-0498,Rajkot Ring-Rail & Transit Oriented Development,Gujarat,Rajkot,Urban Metros & Smart Cities,583.4,1131,74.5,29,3,False,True,30.2,38.0,Medium,4.5,Rehabilitation & Resettlement (R&R),104,1
LA-GU-2026-0499,Rajkot Multimodal Logistics Hub & Industrial Township,Gujarat,Rajkot,Industrial Corridors & SEZ,889.7,1594,91.2,9,1,True,True,82.9,89.8,High,4.1,Possession (Sec 38),0,0
LA-MA-2026-0500,Nagpur Ultra-Mega 500MW Solar Photovoltaic Park,Maharashtra,Nagpur,Renewable Energy & Solar Parks,247.5,359,73.6,8,0,True,True,97.4,59.0,Medium,4.5,Final Acquisition Complete,2,0
LA-MA-2026-0501,Bhopal Bypass 6-Lane Expressway Expansion,Madhya Pradesh,Bhopal,Highways & Expressways,1037.8,567,82.4,2,0,True,True,94.4,65.9,Low,5.2,Possession (Sec 38),0,0
LA-UT-2026-0502,Gorakhpur Block-IV Mineral Extraction & Processing Node,Uttar Pradesh,Gorakhpur,Mining & Coal Exploration,822.4,508,36.8,28,2,True,True,38.5,29.9,High,5.9,Rehabilitation & Resettlement (R&R),60,1
LA-AN-2026-0503,Kurnool Dedicated Freight Rail Freight Corridor & Terminal,Andhra Pradesh,Kurnool,Railways & Dedicated Freight,604.3,1211,14.0,66,0,True,True,0.9,9.3,Low,4.8,Objection / Legal Hearing (Sec 15),101,1
LA-OD-2026-0504,Bhubaneswar Dedicated Freight Rail Freight Corridor & Terminal,Odisha,Bhubaneswar,Railways & Dedicated Freight,790.6,593,83.4,11,0,True,True,93.9,75.0,High,5.0,Final Acquisition Complete,0,0
LA-OD-2026-0505,Balasore Bypass 6-Lane Expressway Expansion,Odisha,Balasore,Highways & Expressways,979.9,2373,9.8,3,0,True,False,0.0,0.0,High,5.7,Preliminary Investigation,12,0
LA-AN-2026-0506,Kurnool Ring-Rail & Transit Oriented Development,Andhra Pradesh,Kurnool,Urban Metros & Smart Cities,355.5,292,72.1,23,0,True,True,63.6,84.9,High,4.9,Final Acquisition Complete,0,0
LA-GU-2026-0507,Surat Multimodal Logistics Hub & Industrial Township,Gujarat,Surat,Industrial Corridors & SEZ,771.3,1896,42.7,86,3,True,True,36.5,31.1,Medium,3.3,Compensation Disbursement,138,1
LA-UT-2026-0508,Lucknow Dedicated Freight Rail Freight Corridor & Terminal,Uttar Pradesh,Lucknow,Railways & Dedicated Freight,678.1,1283,50.5,13,5,True,True,13.2,58.8,High,4.7,Rehabilitation & Resettlement (R&R),90,1
LA-TA-2026-0509,Salem Ring-Rail & Transit Oriented Development,Tamil Nadu,Salem,Urban Metros & Smart Cities,171.6,212,0.1,17,0,False,False,0.0,0.0,Medium,3.7,Preliminary Investigation,65,1
LA-AN-2026-0510,Vijayawada Block-IV Mineral Extraction & Processing Node,Andhra Pradesh,Vijayawada,Mining & Coal Exploration,1087.8,2081,75.9,18,0,True,True,92.8,69.8,High,4.3,Possession (Sec 38),1,0
LA-OD-2026-0511,Balasore Ultra-Mega 500MW Solar Photovoltaic Park,Odisha,Balasore,Renewable Energy & Solar Parks,901.5,680,12.8,12,1,False,True,0.0,0.0,Low,5.3,Land Survey & Demarcation,84,1
LA-AN-2026-0512,Kurnool Multimodal Logistics Hub & Industrial Township,Andhra Pradesh,Kurnool,Industrial Corridors & SEZ,1028.3,1178,6.1,31,2,True,False,0.0,0.0,Medium,5.4,Preliminary Investigation,93,1
LA-JH-2026-0513,Dhanbad Block-IV Mineral Extraction & Processing Node,Jharkhand,Dhanbad,Mining & Coal Exploration,485.4,567,12.1,44,0,False,False,0.0,0.0,High,6.8,Preliminary Investigation,83,1
LA-OD-2026-0514,Sambalpur Bypass 6-Lane Expressway Expansion,Odisha,Sambalpur,Highways & Expressways,589.0,1246,9.4,15,1,False,False,0.0,0.0,Low,6.5,Preliminary Investigation,97,1
LA-TA-2026-0515,Chennai Bypass 6-Lane Expressway Expansion,Tamil Nadu,Chennai,Highways & Expressways,922.8,1615,72.6,28,0,True,True,62.4,51.7,Low,4.3,Possession (Sec 38),18,0
LA-JH-2026-0516,Bokaro Bypass 6-Lane Expressway Expansion,Jharkhand,Bokaro,Highways & Expressways,682.1,743,1.4,38,0,False,False,0.0,0.0,High,6.0,Preliminary Investigation,92,1
LA-GU-2026-0517,Rajkot Block-IV Mineral Extraction & Processing Node,Gujarat,Rajkot,Mining & Coal Exploration,558.5,645,1.5,37,0,False,False,0.0,0.0,Medium,4.2,Preliminary Investigation,79,1
LA-UT-2026-0518,Kanpur Multi-Village Barrage & Micro-Irrigation Canal,Uttar Pradesh,Kanpur,Irrigation & Water Reservoirs,310.7,650,4.7,19,1,False,True,0.0,0.0,High,6.1,Land Survey & Demarcation,78,1
LA-UT-2026-0519,Varanasi Bypass 6-Lane Expressway Expansion,Uttar Pradesh,Varanasi,Highways & Expressways,714.1,1325,85.2,11,0,True,True,93.4,92.9,Medium,5.6,Final Acquisition Complete,0,0
LA-OD-2026-0520,Bhubaneswar Multi-Village Barrage & Micro-Irrigation Canal,Odisha,Bhubaneswar,Irrigation & Water Reservoirs,1026.1,1674,44.5,38,3,True,True,23.1,20.2,Low,5.0,Compensation Disbursement,105,1
LA-OD-2026-0521,Jharsuguda Ring-Rail & Transit Oriented Development,Odisha,Jharsuguda,Urban Metros & Smart Cities,973.5,1218,78.7,81,0,True,True,10.3,15.5,Low,6.4,Compensation Disbursement,94,1
LA-MA-2026-0522,Indore Bypass 6-Lane Expressway Expansion,Madhya Pradesh,Indore,Highways & Expressways,257.4,218,35.2,7,1,True,True,5.1,11.1,Medium,4.2,Objection / Legal Hearing (Sec 15),16,0
LA-MA-2026-0523,Pune Bypass 6-Lane Expressway Expansion,Maharashtra,Pune,Highways & Expressways,1124.9,1248,77.6,25,0,False,True,36.4,62.1,Medium,4.7,Compensation Disbursement,24,0
LA-UT-2026-0524,Varanasi Ultra-Mega 500MW Solar Photovoltaic Park,Uttar Pradesh,Varanasi,Renewable Energy & Solar Parks,1173.0,1160,65.0,41,2,True,True,17.6,41.8,Low,5.7,Rehabilitation & Resettlement (R&R),92,1
LA-AN-2026-0525,Vijayawada Dedicated Freight Rail Freight Corridor & Terminal,Andhra Pradesh,Vijayawada,Railways & Dedicated Freight,947.0,1971,2.5,31,1,False,True,0.0,0.0,High,4.8,Notification (Sec 11),90,1
LA-TA-2026-0526,Madurai Multi-Village Barrage & Micro-Irrigation Canal,Tamil Nadu,Madurai,Irrigation & Water Reservoirs,707.9,1257,32.7,55,1,True,True,3.1,17.9,Medium,4.7,Compensation Assessment,82,1
LA-GU-2026-0527,Surat Dedicated Freight Rail Freight Corridor & Terminal,Gujarat,Surat,Railways & Dedicated Freight,371.7,571,0.6,27,1,False,True,0.0,0.0,High,3.6,Notification (Sec 11),81,1
LA-GU-2026-0528,Vadodara Dedicated Freight Rail Freight Corridor & Terminal,Gujarat,Vadodara,Railways & Dedicated Freight,299.7,536,72.5,2,1,True,True,93.7,75.6,Medium,3.8,Possession (Sec 38),0,0
LA-MA-2026-0529,Pune Dedicated Freight Rail Freight Corridor & Terminal,Maharashtra,Pune,Railways & Dedicated Freight,318.8,634,80.0,43,5,True,True,17.6,45.2,Low,4.2,Compensation Disbursement,111,1
LA-AN-2026-0530,Guntur Ultra-Mega 500MW Solar Photovoltaic Park,Andhra Pradesh,Guntur,Renewable Energy & Solar Parks,579.6,884,2.2,14,0,False,False,0.0,0.0,Medium,4.8,Preliminary Investigation,64,1
LA-MA-2026-0531,Gwalior Multi-Village Barrage & Micro-Irrigation Canal,Madhya Pradesh,Gwalior,Irrigation & Water Reservoirs,271.3,379,49.4,55,3,True,True,33.1,21.4,Medium,5.7,Rehabilitation & Resettlement (R&R),117,1
LA-GU-2026-0532,Rajkot Ultra-Mega 500MW Solar Photovoltaic Park,Gujarat,Rajkot,Renewable Energy & Solar Parks,691.9,390,14.7,24,2,False,False,0.0,0.0,Medium,3.9,Preliminary Investigation,91,1
LA-MA-2026-0533,Aurangabad Multi-Village Barrage & Micro-Irrigation Canal,Maharashtra,Aurangabad,Irrigation & Water Reservoirs,134.6,95,11.1,13,1,True,True,10.3,9.8,High,5.3,Compensation Assessment,39,0
LA-OD-2026-0534,Sundargarh Ultra-Mega 500MW Solar Photovoltaic Park,Odisha,Sundargarh,Renewable Energy & Solar Parks,226.9,503,2.4,34,0,True,False,0.0,0.0,High,6.7,Preliminary Investigation,50,0
LA-MA-2026-0535,Nashik Dedicated Freight Rail Freight Corridor & Terminal,Maharashtra,Nashik,Railways & Dedicated Freight,532.8,1022,31.1,40,3,False,True,14.1,11.7,Medium,4.7,Compensation Assessment,120,1
LA-UT-2026-0536,Agra Ultra-Mega 500MW Solar Photovoltaic Park,Uttar Pradesh,Agra,Renewable Energy & Solar Parks,1094.6,2472,62.4,48,2,False,True,39.5,29.4,High,6.0,Compensation Disbursement,101,1
LA-UT-2026-0537,Agra Multi-Village Barrage & Micro-Irrigation Canal,Uttar Pradesh,Agra,Irrigation & Water Reservoirs,1095.2,949,50.6,90,2,True,True,47.8,27.0,High,5.9,Rehabilitation & Resettlement (R&R),125,1
LA-MA-2026-0538,Nagpur Bypass 6-Lane Expressway Expansion,Maharashtra,Nagpur,Highways & Expressways,114.9,81,46.2,13,3,True,True,28.0,27.6,Low,4.5,Compensation Disbursement,84,1
LA-MA-2026-0539,Gwalior Bypass 6-Lane Expressway Expansion,Madhya Pradesh,Gwalior,Highways & Expressways,319.5,612,10.1,29,2,False,False,0.0,0.0,Low,5.1,Preliminary Investigation,114,1
LA-OD-2026-0540,Jharsuguda Dedicated Freight Rail Freight Corridor & Terminal,Odisha,Jharsuguda,Railways & Dedicated Freight,738.2,630,11.1,42,0,True,False,0.0,0.0,Low,6.5,Preliminary Investigation,84,1
LA-UT-2026-0541,Agra Multimodal Logistics Hub & Industrial Township,Uttar Pradesh,Agra,Industrial Corridors & SEZ,279.0,528,94.3,12,0,True,True,85.6,85.8,Medium,5.2,Final Acquisition Complete,0,0
LA-JH-2026-0542,Ranchi Block-IV Mineral Extraction & Processing Node,Jharkhand,Ranchi,Mining & Coal Exploration,260.0,138,10.5,17,1,True,True,12.3,13.6,Medium,7.8,Objection / Legal Hearing (Sec 15),69,1
LA-JH-2026-0543,Bokaro Multimodal Logistics Hub & Industrial Township,Jharkhand,Bokaro,Industrial Corridors & SEZ,759.0,1797,25.0,6,1,True,True,3.5,2.1,High,5.9,Objection / Legal Hearing (Sec 15),22,0
LA-JH-2026-0544,Bokaro Block-IV Mineral Extraction & Processing Node,Jharkhand,Bokaro,Mining & Coal Exploration,76.6,173,74.9,22,2,True,True,30.0,64.5,High,6.3,Compensation Disbursement,40,0
LA-GU-2026-0545,Surat Block-IV Mineral Extraction & Processing Node,Gujarat,Surat,Mining & Coal Exploration,104.3,55,83.5,18,1,True,True,80.4,87.1,Low,3.9,Possession (Sec 38),28,0
LA-MA-2026-0546,Thane Bypass 6-Lane Expressway Expansion,Maharashtra,Thane,Highways & Expressways,186.6,279,5.6,15,0,False,False,0.0,0.0,High,6.6,Preliminary Investigation,55,1
LA-MA-2026-0547,Jabalpur Bypass 6-Lane Expressway Expansion,Madhya Pradesh,Jabalpur,Highways & Expressways,955.3,1270,92.5,7,0,True,True,69.2,86.6,Medium,6.1,Final Acquisition Complete,0,0
LA-OD-2026-0548,Sambalpur Multi-Village Barrage & Micro-Irrigation Canal,Odisha,Sambalpur,Irrigation & Water Reservoirs,100.9,149,0.8,8,0,True,False,0.0,0.0,Low,6.2,Preliminary Investigation,59,1
LA-OD-2026-0549,Sambalpur Dedicated Freight Rail Freight Corridor & Terminal,Odisha,Sambalpur,Railways & Dedicated Freight,312.8,266,20.0,15,3,True,True,6.7,12.7,Medium,6.4,Objection / Legal Hearing (Sec 15),93,1
LA-UT-2026-0550,Agra Ring-Rail & Transit Oriented Development,Uttar Pradesh,Agra,Urban Metros & Smart Cities,988.0,2062,5.7,38,1,True,True,0.0,0.0,High,5.9,Land Survey & Demarcation,77,1
LA-UT-2026-0551,Gorakhpur Ultra-Mega 500MW Solar Photovoltaic Park,Uttar Pradesh,Gorakhpur,Renewable Energy & Solar Parks,109.5,84,74.6,23,1,True,True,67.6,50.6,Medium,6.1,Possession (Sec 38),29,0
LA-GU-2026-0552,Rajkot Multimodal Logistics Hub & Industrial Township,Gujarat,Rajkot,Industrial Corridors & SEZ,505.3,291,5.8,12,0,False,True,0.0,0.0,High,4.1,Notification (Sec 11),33,0
LA-TA-2026-0553,Salem Multi-Village Barrage & Micro-Irrigation Canal,Tamil Nadu,Salem,Irrigation & Water Reservoirs,889.4,875,77.9,87,2,True,True,35.2,48.8,High,3.6,Rehabilitation & Resettlement (R&R),83,1
LA-UT-2026-0554,Gorakhpur Dedicated Freight Rail Freight Corridor & Terminal,Uttar Pradesh,Gorakhpur,Railways & Dedicated Freight,162.2,111,5.8,33,0,False,False,0.0,0.0,Medium,6.5,Preliminary Investigation,85,1
LA-UT-2026-0555,Agra Multimodal Logistics Hub & Industrial Township,Uttar Pradesh,Agra,Industrial Corridors & SEZ,713.6,1404,85.1,44,1,True,True,44.8,20.5,Medium,6.2,Rehabilitation & Resettlement (R&R),39,0
LA-GU-2026-0556,Vadodara Bypass 6-Lane Expressway Expansion,Gujarat,Vadodara,Highways & Expressways,934.1,1247,4.3,11,0,False,True,0.0,0.0,Medium,3.9,Notification (Sec 11),58,1
LA-UT-2026-0557,Varanasi Ultra-Mega 500MW Solar Photovoltaic Park,Uttar Pradesh,Varanasi,Renewable Energy & Solar Parks,243.1,150,36.6,18,3,True,True,3.9,18.0,Medium,5.4,Objection / Legal Hearing (Sec 15),92,1
LA-MA-2026-0558,Nashik Dedicated Freight Rail Freight Corridor & Terminal,Maharashtra,Nashik,Railways & Dedicated Freight,595.1,1202,78.0,3,0,True,True,98.2,83.3,Medium,4.6,Possession (Sec 38),0,0
LA-JH-2026-0559,Bokaro Multi-Village Barrage & Micro-Irrigation Canal,Jharkhand,Bokaro,Irrigation & Water Reservoirs,914.4,1562,90.5,30,0,True,True,73.7,65.8,Medium,6.4,Possession (Sec 38),12,0
LA-GU-2026-0560,Ahmedabad Bypass 6-Lane Expressway Expansion,Gujarat,Ahmedabad,Highways & Expressways,1047.9,1366,97.8,8,1,True,True,61.0,56.1,Medium,3.9,Possession (Sec 38),2,0
LA-MA-2026-0561,Gwalior Ring-Rail & Transit Oriented Development,Madhya Pradesh,Gwalior,Urban Metros & Smart Cities,44.5,54,77.5,88,3,False,True,23.0,37.2,Low,5.5,Compensation Disbursement,142,1
LA-MA-2026-0562,Bhopal Dedicated Freight Rail Freight Corridor & Terminal,Madhya Pradesh,Bhopal,Railways & Dedicated Freight,1054.6,2182,71.0,17,1,True,True,79.9,54.4,High,5.0,Final Acquisition Complete,15,0
LA-MA-2026-0563,Bhopal Dedicated Freight Rail Freight Corridor & Terminal,Madhya Pradesh,Bhopal,Railways & Dedicated Freight,148.9,370,13.9,17,2,False,True,0.0,0.0,Medium,5.0,Notification (Sec 11),92,1
LA-MA-2026-0564,Bhopal Multi-Village Barrage & Micro-Irrigation Canal,Madhya Pradesh,Bhopal,Irrigation & Water Reservoirs,959.8,1118,8.6,41,0,False,True,0.0,0.0,Medium,5.4,Notification (Sec 11),94,1
LA-GU-2026-0565,Rajkot Bypass 6-Lane Expressway Expansion,Gujarat,Rajkot,Highways & Expressways,129.7,256,11.2,8,1,True,True,0.0,0.0,Medium,3.7,Notification (Sec 11),26,0
LA-JH-2026-0566,East Singhbhum Multi-Village Barrage & Micro-Irrigation Canal,Jharkhand,East Singhbhum,Irrigation & Water Reservoirs,931.3,1951,33.2,11,3,True,True,36.5,44.5,High,6.8,Compensation Disbursement,73,1
LA-TA-2026-0567,Coimbatore Multimodal Logistics Hub & Industrial Township,Tamil Nadu,Coimbatore,Industrial Corridors & SEZ,198.2,211,95.5,9,0,True,True,93.1,51.7,High,3.5,Possession (Sec 38),0,0
LA-MA-2026-0568,Thane Ring-Rail & Transit Oriented Development,Maharashtra,Thane,Urban Metros & Smart Cities,606.7,1157,44.3,11,1,True,True,5.0,16.6,Medium,6.9,Objection / Legal Hearing (Sec 15),33,0
LA-GU-2026-0569,Vadodara Bypass 6-Lane Expressway Expansion,Gujarat,Vadodara,Highways & Expressways,485.9,653,80.4,9,1,True,True,75.7,53.6,Medium,4.2,Final Acquisition Complete,2,0
LA-OD-2026-0570,Balasore Ultra-Mega 500MW Solar Photovoltaic Park,Odisha,Balasore,Renewable Energy & Solar Parks,1023.5,1964,2.5,44,2,True,False,0.0,0.0,High,5.9,Preliminary Investigation,103,1
LA-UT-2026-0571,Varanasi Bypass 6-Lane Expressway Expansion,Uttar Pradesh,Varanasi,Highways & Expressways,878.0,1449,89.3,17,1,False,True,15.9,62.5,Low,6.0,Compensation Disbursement,70,1
LA-MA-2026-0572,Indore Block-IV Mineral Extraction & Processing Node,Madhya Pradesh,Indore,Mining & Coal Exploration,1164.4,2042,27.2,21,3,True,True,19.6,39.4,High,4.3,Rehabilitation & Resettlement (R&R),71,1
LA-GU-2026-0573,Vadodara Bypass 6-Lane Expressway Expansion,Gujarat,Vadodara,Highways & Expressways,168.4,300,3.4,17,2,False,True,0.0,0.0,Low,3.4,Notification (Sec 11),95,1
LA-UT-2026-0574,Agra Ultra-Mega 500MW Solar Photovoltaic Park,Uttar Pradesh,Agra,Renewable Energy & Solar Parks,141.8,88,11.9,44,2,True,True,0.0,0.0,Low,5.6,Land Survey & Demarcation,113,1
LA-MA-2026-0575,Bhopal Ring-Rail & Transit Oriented Development,Madhya Pradesh,Bhopal,Urban Metros & Smart Cities,910.4,832,1.8,0,0,False,True,0.0,0.0,High,5.5,Notification (Sec 11),40,0
LA-TA-2026-0576,Chennai Bypass 6-Lane Expressway Expansion,Tamil Nadu,Chennai,Highways & Expressways,326.7,655,73.7,13,0,True,True,71.9,98.3,Low,4.8,Final Acquisition Complete,15,0
LA-JH-2026-0577,Hazaribagh Dedicated Freight Rail Freight Corridor & Terminal,Jharkhand,Hazaribagh,Railways & Dedicated Freight,841.7,1300,80.6,21,0,True,True,81.5,60.5,Low,5.9,Possession (Sec 38),24,0
LA-OD-2026-0578,Sambalpur Ultra-Mega 500MW Solar Photovoltaic Park,Odisha,Sambalpur,Renewable Energy & Solar Parks,278.8,339,88.7,20,0,True,True,63.0,62.7,Medium,6.9,Final Acquisition Complete,10,0
LA-MA-2026-0579,Thane Dedicated Freight Rail Freight Corridor & Terminal,Maharashtra,Thane,Railways & Dedicated Freight,764.7,794,9.7,36,1,False,True,0.0,0.0,High,6.5,Notification (Sec 11),97,1
LA-GU-2026-0580,Surat Ultra-Mega 500MW Solar Photovoltaic Park,Gujarat,Surat,Renewable Energy & Solar Parks,116.1,86,29.2,39,2,True,True,1.0,12.8,Medium,3.4,Objection / Legal Hearing (Sec 15),74,1
LA-OD-2026-0581,Sundargarh Multi-Village Barrage & Micro-Irrigation Canal,Odisha,Sundargarh,Irrigation & Water Reservoirs,944.7,705,13.1,6,2,False,True,0.0,0.0,High,7.6,Notification (Sec 11),91,1
LA-AN-2026-0582,Guntur Ring-Rail & Transit Oriented Development,Andhra Pradesh,Guntur,Urban Metros & Smart Cities,237.3,501,76.3,85,3,False,True,32.1,59.1,Medium,4.6,Rehabilitation & Resettlement (R&R),139,1
LA-UT-2026-0583,Varanasi Multimodal Logistics Hub & Industrial Township,Uttar Pradesh,Varanasi,Industrial Corridors & SEZ,856.3,854,70.9,46,5,False,True,17.3,64.3,Medium,5.6,Compensation Disbursement,112,1
LA-OD-2026-0584,Sundargarh Ring-Rail & Transit Oriented Development,Odisha,Sundargarh,Urban Metros & Smart Cities,1018.2,1801,40.6,80,2,True,True,13.7,43.8,High,6.9,Compensation Disbursement,116,1
LA-JH-2026-0585,Bokaro Multi-Village Barrage & Micro-Irrigation Canal,Jharkhand,Bokaro,Irrigation & Water Reservoirs,830.0,1538,73.7,0,1,True,True,60.6,59.5,High,5.7,Final Acquisition Complete,0,0
LA-TA-2026-0586,Coimbatore Ultra-Mega 500MW Solar Photovoltaic Park,Tamil Nadu,Coimbatore,Renewable Energy & Solar Parks,738.7,1794,13.2,11,0,False,False,0.0,0.0,Low,4.2,Preliminary Investigation,72,1
LA-UT-2026-0587,Kanpur Dedicated Freight Rail Freight Corridor & Terminal,Uttar Pradesh,Kanpur,Railways & Dedicated Freight,1164.4,1369,79.1,71,2,True,True,44.0,57.9,Medium,5.9,Compensation Disbursement,105,1
LA-JH-2026-0588,Hazaribagh Multimodal Logistics Hub & Industrial Township,Jharkhand,Hazaribagh,Industrial Corridors & SEZ,995.2,568,88.5,14,1,True,True,79.5,67.8,Medium,6.3,Final Acquisition Complete,18,0
LA-MA-2026-0589,Pune Bypass 6-Lane Expressway Expansion,Maharashtra,Pune,Highways & Expressways,531.2,475,13.5,31,0,False,True,0.0,0.0,Low,4.4,Notification (Sec 11),96,1
LA-AN-2026-0590,Vijayawada Dedicated Freight Rail Freight Corridor & Terminal,Andhra Pradesh,Vijayawada,Railways & Dedicated Freight,978.6,702,95.2,0,0,True,True,66.5,67.7,Medium,4.3,Final Acquisition Complete,0,0
LA-OD-2026-0591,Bhubaneswar Multimodal Logistics Hub & Industrial Township,Odisha,Bhubaneswar,Industrial Corridors & SEZ,1083.7,889,56.2,80,3,False,True,36.6,28.3,High,4.7,Compensation Disbursement,128,1
LA-UT-2026-0592,Gorakhpur Multimodal Logistics Hub & Industrial Township,Uttar Pradesh,Gorakhpur,Industrial Corridors & SEZ,179.4,433,33.2,53,0,True,True,23.8,15.7,High,6.2,Rehabilitation & Resettlement (R&R),42,0
LA-JH-2026-0593,Bokaro Multi-Village Barrage & Micro-Irrigation Canal,Jharkhand,Bokaro,Irrigation & Water Reservoirs,750.7,1470,19.8,59,1,False,True,1.7,5.3,Medium,5.7,Objection / Legal Hearing (Sec 15),117,1
LA-MA-2026-0594,Aurangabad Multimodal Logistics Hub & Industrial Township,Maharashtra,Aurangabad,Industrial Corridors & SEZ,294.5,225,14.9,1,2,True,True,0.0,0.0,High,5.9,Land Survey & Demarcation,53,1
LA-JH-2026-0595,Bokaro Dedicated Freight Rail Freight Corridor & Terminal,Jharkhand,Bokaro,Railways & Dedicated Freight,420.0,612,32.5,58,2,True,True,4.6,5.4,Medium,6.2,Objection / Legal Hearing (Sec 15),113,1
LA-JH-2026-0596,Dhanbad Dedicated Freight Rail Freight Corridor & Terminal,Jharkhand,Dhanbad,Railways & Dedicated Freight,579.7,1343,16.5,17,0,True,True,14.2,7.3,Low,7.0,Compensation Assessment,57,1
LA-UT-2026-0597,Gorakhpur Ultra-Mega 500MW Solar Photovoltaic Park,Uttar Pradesh,Gorakhpur,Renewable Energy & Solar Parks,735.5,718,87.5,23,1,True,True,63.5,55.3,High,6.5,Final Acquisition Complete,21,0
LA-OD-2026-0598,Sambalpur Ultra-Mega 500MW Solar Photovoltaic Park,Odisha,Sambalpur,Renewable Energy & Solar Parks,379.2,549,59.7,42,5,False,True,16.1,21.4,High,6.0,Compensation Disbursement,109,1
LA-TA-2026-0599,Salem Multi-Village Barrage & Micro-Irrigation Canal,Tamil Nadu,Salem,Irrigation & Water Reservoirs,640.4,1540,35.9,82,0,True,True,21.0,63.4,Low,3.9,Rehabilitation & Resettlement (R&R),94,1
LA-OD-2026-0600,Jharsuguda Bypass 6-Lane Expressway Expansion,Odisha,Jharsuguda,Highways & Expressways,539.4,819,5.9,13,1,False,True,0.0,0.0,Medium,6.2,Land Survey & Demarcation,95,1
LA-OD-2026-0601,Balasore Multi-Village Barrage & Micro-Irrigation Canal,Odisha,Balasore,Irrigation & Water Reservoirs,856.6,1327,76.6,7,0,True,True,88.3,77.6,Low,5.9,Final Acquisition Complete,9,0
LA-AN-2026-0602,Visakhapatnam Dedicated Freight Rail Freight Corridor & Terminal,Andhra Pradesh,Visakhapatnam,Railways & Dedicated Freight,1051.2,633,44.6,52,2,False,True,3.1,2.3,Medium,3.9,Compensation Assessment,117,1
LA-AN-2026-0603,Vijayawada Bypass 6-Lane Expressway Expansion,Andhra Pradesh,Vijayawada,Highways & Expressways,993.1,932,2.7,44,0,True,False,0.0,0.0,High,4.2,Preliminary Investigation,37,0
LA-AN-2026-0604,Vijayawada Ultra-Mega 500MW Solar Photovoltaic Park,Andhra Pradesh,Vijayawada,Renewable Energy & Solar Parks,207.9,200,49.0,33,3,True,True,46.1,19.7,Medium,4.2,Rehabilitation & Resettlement (R&R),93,1
LA-MA-2026-0605,Indore Dedicated Freight Rail Freight Corridor & Terminal,Madhya Pradesh,Indore,Railways & Dedicated Freight,832.7,729,52.7,77,0,False,True,28.2,47.3,Medium,4.0,Rehabilitation & Resettlement (R&R),94,1
LA-JH-2026-0606,Hazaribagh Bypass 6-Lane Expressway Expansion,Jharkhand,Hazaribagh,Highways & Expressways,180.3,367,14.1,0,0,False,False,0.0,0.0,Low,5.5,Preliminary Investigation,65,1
LA-TA-2026-0607,Chennai Multi-Village Barrage & Micro-Irrigation Canal,Tamil Nadu,Chennai,Irrigation & Water Reservoirs,386.2,563,8.2,1,0,False,True,0.0,0.0,Low,4.7,Land Survey & Demarcation,71,1
LA-AN-2026-0608,Visakhapatnam Dedicated Freight Rail Freight Corridor & Terminal,Andhra Pradesh,Visakhapatnam,Railways & Dedicated Freight,291.3,370,4.3,43,2,False,False,0.0,0.0,Low,3.7,Preliminary Investigation,116,1
LA-MA-2026-0609,Nagpur Ultra-Mega 500MW Solar Photovoltaic Park,Maharashtra,Nagpur,Renewable Energy & Solar Parks,164.1,385,83.2,33,5,True,True,34.2,23.9,High,4.1,Compensation Disbursement,102,1
LA-AN-2026-0610,Guntur Multimodal Logistics Hub & Industrial Township,Andhra Pradesh,Guntur,Industrial Corridors & SEZ,1121.1,2378,30.0,50,1,True,True,10.1,61.7,Medium,5.3,Compensation Disbursement,82,1
LA-MA-2026-0611,Bhopal Dedicated Freight Rail Freight Corridor & Terminal,Madhya Pradesh,Bhopal,Railways & Dedicated Freight,404.6,305,5.3,30,2,False,True,0.0,0.0,High,5.5,Notification (Sec 11),101,1
LA-TA-2026-0612,Coimbatore Multi-Village Barrage & Micro-Irrigation Canal,Tamil Nadu,Coimbatore,Irrigation & Water Reservoirs,609.1,954,94.6,16,0,True,True,75.4,79.0,High,3.5,Final Acquisition Complete,0,0
LA-OD-2026-0613,Bhubaneswar Bypass 6-Lane Expressway Expansion,Odisha,Bhubaneswar,Highways & Expressways,681.1,1645,28.9,68,2,True,True,24.0,57.4,Medium,5.3,Compensation Disbursement,111,1
LA-GU-2026-0614,Surat Bypass 6-Lane Expressway Expansion,Gujarat,Surat,Highways & Expressways,468.5,258,5.6,42,0,False,True,0.0,0.0,High,3.7,Land Survey & Demarcation,78,1
LA-UT-2026-0615,Lucknow Bypass 6-Lane Expressway Expansion,Uttar Pradesh,Lucknow,Highways & Expressways,200.9,173,73.6,66,2,False,True,37.9,30.0,Low,4.9,Rehabilitation & Resettlement (R&R),127,1
LA-UT-2026-0616,Lucknow Ultra-Mega 500MW Solar Photovoltaic Park,Uttar Pradesh,Lucknow,Renewable Energy & Solar Parks,37.8,81,13.1,36,1,False,True,0.0,0.0,High,5.5,Land Survey & Demarcation,96,1
LA-OD-2026-0617,Jharsuguda Multi-Village Barrage & Micro-Irrigation Canal,Odisha,Jharsuguda,Irrigation & Water Reservoirs,898.2,1168,5.9,44,0,False,True,0.0,0.0,High,5.8,Land Survey & Demarcation,88,1
LA-GU-2026-0618,Rajkot Dedicated Freight Rail Freight Corridor & Terminal,Gujarat,Rajkot,Railways & Dedicated Freight,152.4,99,39.6,13,0,False,True,0.4,5.6,Medium,4.2,Compensation Assessment,34,0
LA-AN-2026-0619,Vijayawada Block-IV Mineral Extraction & Processing Node,Andhra Pradesh,Vijayawada,Mining & Coal Exploration,1172.6,1910,11.9,20,0,True,True,0.0,0.0,Low,3.9,Notification (Sec 11),37,0
LA-JH-2026-0620,East Singhbhum Block-IV Mineral Extraction & Processing Node,Jharkhand,East Singhbhum,Mining & Coal Exploration,877.7,2148,31.3,29,5,True,True,26.3,52.1,Low,6.5,Rehabilitation & Resettlement (R&R),109,1
LA-GU-2026-0621,Rajkot Dedicated Freight Rail Freight Corridor & Terminal,Gujarat,Rajkot,Railways & Dedicated Freight,117.5,205,76.9,24,0,True,True,68.6,84.1,Medium,3.9,Possession (Sec 38),0,0
LA-TA-2026-0622,Salem Ring-Rail & Transit Oriented Development,Tamil Nadu,Salem,Urban Metros & Smart Cities,72.0,138,40.5,90,5,True,True,49.9,45.3,High,3.9,Rehabilitation & Resettlement (R&R),146,1
LA-JH-2026-0623,Dhanbad Ring-Rail & Transit Oriented Development,Jharkhand,Dhanbad,Urban Metros & Smart Cities,611.2,861,4.4,36,1,True,True,0.0,0.0,Medium,7.2,Notification (Sec 11),93,1
LA-MA-2026-0624,Nagpur Block-IV Mineral Extraction & Processing Node,Maharashtra,Nagpur,Mining & Coal Exploration,789.1,616,87.1,13,0,True,True,61.6,93.0,High,4.7,Possession (Sec 38),0,0
LA-UT-2026-0625,Agra Block-IV Mineral Extraction & Processing Node,Uttar Pradesh,Agra,Mining & Coal Exploration,826.6,1249,13.1,39,0,False,True,0.0,0.0,Low,6.2,Notification (Sec 11),100,1
LA-OD-2026-0626,Balasore Dedicated Freight Rail Freight Corridor & Terminal,Odisha,Balasore,Railways & Dedicated Freight,1028.2,972,68.5,20,0,False,True,24.0,38.4,Medium,5.4,Rehabilitation & Resettlement (R&R),30,0
LA-GU-2026-0627,Rajkot Ultra-Mega 500MW Solar Photovoltaic Park,Gujarat,Rajkot,Renewable Energy & Solar Parks,274.8,544,83.6,20,0,True,True,81.8,97.4,Medium,3.9,Possession (Sec 38),6,0
LA-JH-2026-0628,Hazaribagh Ring-Rail & Transit Oriented Development,Jharkhand,Hazaribagh,Urban Metros & Smart Cities,1174.8,1088,26.5,20,1,True,True,40.3,36.1,Medium,6.2,Rehabilitation & Resettlement (R&R),61,1
LA-GU-2026-0629,Ahmedabad Ultra-Mega 500MW Solar Photovoltaic Park,Gujarat,Ahmedabad,Renewable Energy & Solar Parks,811.8,827,13.2,30,1,True,True,13.5,6.8,Medium,4.0,Objection / Legal Hearing (Sec 15),52,1
LA-MA-2026-0630,Gwalior Multi-Village Barrage & Micro-Irrigation Canal,Madhya Pradesh,Gwalior,Irrigation & Water Reservoirs,1097.3,1800,61.5,50,2,True,True,45.8,24.9,Low,5.9,Compensation Disbursement,109,1
LA-MA-2026-0631,Indore Multimodal Logistics Hub & Industrial Township,Madhya Pradesh,Indore,Industrial Corridors & SEZ,333.8,649,86.3,37,0,True,True,44.3,46.7,Medium,4.6,Rehabilitation & Resettlement (R&R),17,0
LA-UT-2026-0632,Kanpur Multimodal Logistics Hub & Industrial Township,Uttar Pradesh,Kanpur,Industrial Corridors & SEZ,460.1,564,4.6,41,2,True,False,0.0,0.0,High,6.4,Preliminary Investigation,99,1
LA-TA-2026-0633,Madurai Block-IV Mineral Extraction & Processing Node,Tamil Nadu,Madurai,Mining & Coal Exploration,1113.5,1578,8.3,24,2,True,True,0.0,0.0,Medium,4.7,Notification (Sec 11),77,1
LA-GU-2026-0634,Vadodara Bypass 6-Lane Expressway Expansion,Gujarat,Vadodara,Highways & Expressways,972.0,687,9.2,31,0,False,True,0.0,0.0,High,4.3,Notification (Sec 11),54,1
LA-MA-2026-0635,Nashik Ring-Rail & Transit Oriented Development,Maharashtra,Nashik,Urban Metros & Smart Cities,273.9,562,32.4,62,3,True,True,44.3,62.5,High,5.3,Rehabilitation & Resettlement (R&R),123,1
LA-TA-2026-0636,Coimbatore Block-IV Mineral Extraction & Processing Node,Tamil Nadu,Coimbatore,Mining & Coal Exploration,816.1,414,27.1,31,2,True,True,11.0,54.5,High,4.0,Rehabilitation & Resettlement (R&R),54,1
LA-OD-2026-0637,Balasore Ring-Rail & Transit Oriented Development,Odisha,Balasore,Urban Metros & Smart Cities,966.6,1600,9.5,25,0,False,False,0.0,0.0,Medium,5.7,Preliminary Investigation,77,1
LA-GU-2026-0638,Surat Multimodal Logistics Hub & Industrial Township,Gujarat,Surat,Industrial Corridors & SEZ,1015.6,1782,60.9,65,0,True,True,47.9,25.2,Low,3.5,Rehabilitation & Resettlement (R&R),59,0
LA-UT-2026-0639,Lucknow Ultra-Mega 500MW Solar Photovoltaic Park,Uttar Pradesh,Lucknow,Renewable Energy & Solar Parks,54.7,107,66.2,34,2,True,True,41.1,24.3,High,5.7,Rehabilitation & Resettlement (R&R),47,0
LA-GU-2026-0640,Vadodara Multimodal Logistics Hub & Industrial Township,Gujarat,Vadodara,Industrial Corridors & SEZ,775.1,1285,6.9,6,0,False,False,0.0,0.0,Medium,4.3,Preliminary Investigation,52,1
LA-UT-2026-0641,Lucknow Dedicated Freight Rail Freight Corridor & Terminal,Uttar Pradesh,Lucknow,Railways & Dedicated Freight,143.3,299,56.6,50,3,False,True,35.0,25.5,High,5.6,Rehabilitation & Resettlement (R&R),110,1
LA-UT-2026-0642,Gorakhpur Ultra-Mega 500MW Solar Photovoltaic Park,Uttar Pradesh,Gorakhpur,Renewable Energy & Solar Parks,162.7,192,14.9,10,0,False,False,0.0,0.0,High,6.4,Preliminary Investigation,45,1
LA-MA-2026-0643,Nagpur Ring-Rail & Transit Oriented Development,Maharashtra,Nagpur,Urban Metros & Smart Cities,279.2,343,0.4,5,0,True,True,0.0,0.0,Medium,4.2,Land Survey & Demarcation,20,0
LA-MA-2026-0644,Indore Block-IV Mineral Extraction & Processing Node,Madhya Pradesh,Indore,Mining & Coal Exploration,900.6,1343,82.0,27,1,True,True,67.7,58.6,Medium,4.4,Possession (Sec 38),13,0
LA-MA-2026-0645,Aurangabad Dedicated Freight Rail Freight Corridor & Terminal,Maharashtra,Aurangabad,Railways & Dedicated Freight,534.3,743,78.2,13,0,True,True,72.7,55.4,Medium,5.2,Possession (Sec 38),1,0
LA-TA-2026-0646,Chennai Block-IV Mineral Extraction & Processing Node,Tamil Nadu,Chennai,Mining & Coal Exploration,369.8,796,87.7,64,2,True,True,24.1,16.5,Medium,5.1,Rehabilitation & Resettlement (R&R),85,1
LA-MA-2026-0647,Nagpur Bypass 6-Lane Expressway Expansion,Maharashtra,Nagpur,Highways & Expressways,399.3,208,7.0,35,0,False,False,0.0,0.0,Low,4.5,Preliminary Investigation,98,1
LA-OD-2026-0648,Balasore Ring-Rail & Transit Oriented Development,Odisha,Balasore,Urban Metros & Smart Cities,699.4,1253,6.5,12,0,False,True,0.0,0.0,Low,5.8,Notification (Sec 11),78,1
LA-MA-2026-0649,Bhopal Dedicated Freight Rail Freight Corridor & Terminal,Madhya Pradesh,Bhopal,Railways & Dedicated Freight,719.6,700,26.2,46,3,True,True,41.3,43.8,Medium,4.9,Compensation Disbursement,104,1
LA-GU-2026-0650,Ahmedabad Multimodal Logistics Hub & Industrial Township,Gujarat,Ahmedabad,Industrial Corridors & SEZ,106.6,73,10.8,22,1,False,False,0.0,0.0,High,3.1,Preliminary Investigation,73,1
LA-TA-2026-0651,Salem Multi-Village Barrage & Micro-Irrigation Canal,Tamil Nadu,Salem,Irrigation & Water Reservoirs,1022.2,2488,81.2,26,0,True,True,84.7,51.5,Low,4.2,Possession (Sec 38),22,0
LA-TA-2026-0652,Salem Ring-Rail & Transit Oriented Development,Tamil Nadu,Salem,Urban Metros & Smart Cities,984.0,1549,69.7,16,0,True,True,12.1,59.2,Medium,4.2,Compensation Disbursement,10,0
LA-TA-2026-0653,Salem Multi-Village Barrage & Micro-Irrigation Canal,Tamil Nadu,Salem,Irrigation & Water Reservoirs,173.4,385,13.3,42,2,False,True,0.0,0.0,Low,3.6,Notification (Sec 11),114,1
LA-OD-2026-0654,Balasore Ring-Rail & Transit Oriented Development,Odisha,Balasore,Urban Metros & Smart Cities,290.4,298,72.5,20,1,True,True,82.3,93.6,Medium,5.4,Possession (Sec 38),20,0
LA-MA-2026-0655,Nashik Ring-Rail & Transit Oriented Development,Maharashtra,Nashik,Urban Metros & Smart Cities,245.8,174,63.4,29,3,True,True,31.1,57.9,High,4.8,Rehabilitation & Resettlement (R&R),74,1
LA-UT-2026-0656,Varanasi Ultra-Mega 500MW Solar Photovoltaic Park,Uttar Pradesh,Varanasi,Renewable Energy & Solar Parks,263.5,342,82.7,20,1,True,True,87.5,97.6,Low,5.8,Final Acquisition Complete,43,0
LA-MA-2026-0657,Pune Bypass 6-Lane Expressway Expansion,Maharashtra,Pune,Highways & Expressways,802.7,1128,97.8,12,0,True,True,63.4,71.6,High,4.2,Possession (Sec 38),0,0
LA-TA-2026-0658,Chennai Multi-Village Barrage & Micro-Irrigation Canal,Tamil Nadu,Chennai,Irrigation & Water Reservoirs,252.9,222,42.9,41,0,True,True,34.3,40.9,Low,4.1,Rehabilitation & Resettlement (R&R),54,0
LA-JH-2026-0659,Ranchi Block-IV Mineral Extraction & Processing Node,Jharkhand,Ranchi,Mining & Coal Exploration,1062.1,2016,23.8,68,2,False,True,3.3,16.5,Medium,7.4,Objection / Legal Hearing (Sec 15),134,1
LA-OD-2026-0660,Sundargarh Bypass 6-Lane Expressway Expansion,Odisha,Sundargarh,Highways & Expressways,242.5,561,11.1,10,0,False,True,0.0,0.0,Medium,6.9,Notification (Sec 11),65,1
LA-UT-2026-0661,Varanasi Multimodal Logistics Hub & Industrial Township,Uttar Pradesh,Varanasi,Industrial Corridors & SEZ,527.8,285,96.4,19,0,True,True,66.8,88.0,Medium,6.3,Possession (Sec 38),0,0
LA-JH-2026-0662,Bokaro Bypass 6-Lane Expressway Expansion,Jharkhand,Bokaro,Highways & Expressways,1006.5,1560,15.1,62,2,False,True,1.4,6.1,High,5.6,Compensation Assessment,119,1
LA-AN-2026-0663,Kurnool Block-IV Mineral Extraction & Processing Node,Andhra Pradesh,Kurnool,Mining & Coal Exploration,1072.4,2197,83.6,62,1,True,True,33.8,20.6,Medium,5.5,Compensation Disbursement,59,0
LA-UT-2026-0664,Gorakhpur Multi-Village Barrage & Micro-Irrigation Canal,Uttar Pradesh,Gorakhpur,Irrigation & Water Reservoirs,267.4,181,49.6,32,5,False,True,14.3,28.7,Medium,6.5,Compensation Disbursement,106,1
LA-TA-2026-0665,Madurai Block-IV Mineral Extraction & Processing Node,Tamil Nadu,Madurai,Mining & Coal Exploration,73.3,112,31.4,19,2,True,True,6.5,9.1,Low,4.7,Objection / Legal Hearing (Sec 15),83,1
LA-UT-2026-0666,Agra Ultra-Mega 500MW Solar Photovoltaic Park,Uttar Pradesh,Agra,Renewable Energy & Solar Parks,381.8,411,0.2,18,0,True,True,0.0,0.0,High,5.5,Land Survey & Demarcation,32,0
LA-MA-2026-0667,Jabalpur Bypass 6-Lane Expressway Expansion,Madhya Pradesh,Jabalpur,Highways & Expressways,186.8,421,27.6,23,2,True,True,14.4,11.2,Medium,6.1,Compensation Assessment,81,1
LA-MA-2026-0668,Thane Ring-Rail & Transit Oriented Development,Maharashtra,Thane,Urban Metros & Smart Cities,521.5,1269,42.0,84,2,False,True,22.1,30.5,Medium,6.8,Rehabilitation & Resettlement (R&R),133,1
LA-OD-2026-0669,Sundargarh Bypass 6-Lane Expressway Expansion,Odisha,Sundargarh,Highways & Expressways,690.8,1213,23.2,61,4,True,True,13.1,8.7,Medium,6.9,Compensation Assessment,126,1
LA-TA-2026-0670,Salem Multi-Village Barrage & Micro-Irrigation Canal,Tamil Nadu,Salem,Irrigation & Water Reservoirs,1097.3,606,1.3,15,1,True,False,0.0,0.0,High,4.5,Preliminary Investigation,38,0
LA-UT-2026-0671,Kanpur Ring-Rail & Transit Oriented Development,Uttar Pradesh,Kanpur,Urban Metros & Smart Cities,173.0,318,74.6,44,0,True,True,30.7,57.0,Low,5.7,Rehabilitation & Resettlement (R&R),47,0
LA-MA-2026-0672,Thane Bypass 6-Lane Expressway Expansion,Maharashtra,Thane,Highways & Expressways,893.8,541,74.3,28,0,True,True,89.6,74.8,Medium,7.3,Final Acquisition Complete,24,0
LA-AN-2026-0673,Visakhapatnam Bypass 6-Lane Expressway Expansion,Andhra Pradesh,Visakhapatnam,Highways & Expressways,204.8,462,3.7,1,2,True,False,0.0,0.0,High,3.8,Preliminary Investigation,42,0
LA-JH-2026-0674,Ranchi Dedicated Freight Rail Freight Corridor & Terminal,Jharkhand,Ranchi,Railways & Dedicated Freight,330.8,570,89.7,5,0,True,True,64.9,57.3,Medium,7.1,Final Acquisition Complete,0,0
LA-OD-2026-0675,Sambalpur Multi-Village Barrage & Micro-Irrigation Canal,Odisha,Sambalpur,Irrigation & Water Reservoirs,365.1,255,22.9,58,3,True,True,4.1,7.7,High,6.1,Compensation Assessment,122,1
LA-AN-2026-0676,Kurnool Bypass 6-Lane Expressway Expansion,Andhra Pradesh,Kurnool,Highways & Expressways,75.1,173,84.0,11,0,True,True,88.9,63.8,High,5.3,Possession (Sec 38),0,0
LA-OD-2026-0677,Sundargarh Dedicated Freight Rail Freight Corridor & Terminal,Odisha,Sundargarh,Railways & Dedicated Freight,438.4,849,10.7,42,1,True,True,0.0,0.0,Medium,7.1,Land Survey & Demarcation,87,1
LA-MA-2026-0678,Nashik Ultra-Mega 500MW Solar Photovoltaic Park,Maharashtra,Nashik,Renewable Energy & Solar Parks,936.1,1451,79.7,26,1,True,True,98.2,67.4,High,5.3,Final Acquisition Complete,22,0
LA-JH-2026-0679,Dhanbad Multimodal Logistics Hub & Industrial Township,Jharkhand,Dhanbad,Industrial Corridors & SEZ,405.3,390,97.5,23,0,True,True,91.8,55.3,High,6.8,Possession (Sec 38),1,0
LA-GU-2026-0680,Ahmedabad Multimodal Logistics Hub & Industrial Township,Gujarat,Ahmedabad,Industrial Corridors & SEZ,543.8,679,0.4,6,1,True,True,0.0,0.0,High,3.1,Notification (Sec 11),22,0
LA-OD-2026-0681,Sambalpur Dedicated Freight Rail Freight Corridor & Terminal,Odisha,Sambalpur,Railways & Dedicated Freight,535.0,833,1.3,13,0,True,True,0.0,0.0,Low,6.2,Land Survey & Demarcation,54,1
LA-JH-2026-0682,East Singhbhum Block-IV Mineral Extraction & Processing Node,Jharkhand,East Singhbhum,Mining & Coal Exploration,826.8,1997,7.9,36,0,True,True,0.0,0.0,High,6.9,Land Survey & Demarcation,50,0
LA-TA-2026-0683,Coimbatore Ring-Rail & Transit Oriented Development,Tamil Nadu,Coimbatore,Urban Metros & Smart Cities,693.8,523,1.5,3,0,False,True,0.0,0.0,High,3.9,Notification (Sec 11),31,0
LA-JH-2026-0684,Dhanbad Multi-Village Barrage & Micro-Irrigation Canal,Jharkhand,Dhanbad,Irrigation & Water Reservoirs,104.8,235,29.9,89,3,True,True,33.0,57.7,Low,7.1,Compensation Disbursement,140,1
LA-MA-2026-0685,Aurangabad Bypass 6-Lane Expressway Expansion,Maharashtra,Aurangabad,Highways & Expressways,422.2,431,11.5,35,0,True,False,0.0,0.0,Medium,5.3,Preliminary Investigation,43,0
LA-JH-2026-0686,Dhanbad Ultra-Mega 500MW Solar Photovoltaic Park,Jharkhand,Dhanbad,Renewable Energy & Solar Parks,431.4,276,11.1,8,2,True,False,0.0,0.0,Medium,6.9,Preliminary Investigation,74,1
LA-MA-2026-0687,Pune Multi-Village Barrage & Micro-Irrigation Canal,Maharashtra,Pune,Irrigation & Water Reservoirs,943.3,2125,42.6,53,4,True,True,0.4,15.6,Low,4.4,Compensation Assessment,120,1
LA-JH-2026-0688,Bokaro Multi-Village Barrage & Micro-Irrigation Canal,Jharkhand,Bokaro,Irrigation & Water Reservoirs,186.9,257,99.5,29,0,True,True,74.7,59.7,Low,6.0,Final Acquisition Complete,24,0
LA-MA-2026-0689,Aurangabad Ring-Rail & Transit Oriented Development,Maharashtra,Aurangabad,Urban Metros & Smart Cities,692.5,1718,91.6,14,0,True,True,92.5,53.8,Medium,5.8,Final Acquisition Complete,5,0
LA-TA-2026-0690,Madurai Dedicated Freight Rail Freight Corridor & Terminal,Tamil Nadu,Madurai,Railways & Dedicated Freight,587.5,437,41.3,66,1,True,True,31.7,39.7,Medium,4.7,Rehabilitation & Resettlement (R&R),80,1
LA-AN-2026-0691,Vijayawada Ultra-Mega 500MW Solar Photovoltaic Park,Andhra Pradesh,Vijayawada,Renewable Energy & Solar Parks,88.4,203,9.3,13,0,False,True,0.0,0.0,Medium,4.6,Notification (Sec 11),52,1
LA-OD-2026-0692,Sundargarh Ring-Rail & Transit Oriented Development,Odisha,Sundargarh,Urban Metros & Smart Cities,67.1,65,11.5,31,0,True,True,0.0,0.0,Low,7.0,Land Survey & Demarcation,81,1
LA-GU-2026-0693,Vadodara Ultra-Mega 500MW Solar Photovoltaic Park,Gujarat,Vadodara,Renewable Energy & Solar Parks,607.0,1350,27.9,16,5,False,True,18.2,24.2,Medium,3.7,Rehabilitation & Resettlement (R&R),111,1
LA-TA-2026-0694,Chennai Ring-Rail & Transit Oriented Development,Tamil Nadu,Chennai,Urban Metros & Smart Cities,977.0,1643,21.9,18,0,True,True,12.4,8.7,High,4.4,Compensation Assessment,14,0
LA-AN-2026-0695,Kurnool Block-IV Mineral Extraction & Processing Node,Andhra Pradesh,Kurnool,Mining & Coal Exploration,1153.4,1654,3.6,43,1,True,True,0.0,0.0,Medium,5.5,Land Survey & Demarcation,95,1
LA-OD-2026-0696,Balasore Block-IV Mineral Extraction & Processing Node,Odisha,Balasore,Mining & Coal Exploration,340.8,341,75.2,32,2,True,True,10.5,30.3,High,5.1,Compensation Disbursement,42,0
LA-MA-2026-0697,Bhopal Ring-Rail & Transit Oriented Development,Madhya Pradesh,Bhopal,Urban Metros & Smart Cities,281.0,173,78.3,14,0,True,True,84.4,65.7,Medium,5.3,Final Acquisition Complete,7,0
LA-AN-2026-0698,Guntur Dedicated Freight Rail Freight Corridor & Terminal,Andhra Pradesh,Guntur,Railways & Dedicated Freight,298.4,539,7.6,2,1,False,False,0.0,0.0,High,5.0,Preliminary Investigation,56,1
LA-JH-2026-0699,East Singhbhum Ring-Rail & Transit Oriented Development,Jharkhand,East Singhbhum,Urban Metros & Smart Cities,660.0,389,32.1,36,1,True,True,30.3,20.7,Medium,6.8,Compensation Disbursement,73,1
LA-GU-2026-0700,Ahmedabad Block-IV Mineral Extraction & Processing Node,Gujarat,Ahmedabad,Mining & Coal Exploration,418.6,550,55.6,15,2,True,True,48.9,46.1,Medium,3.2,Compensation Disbursement,28,0
LA-JH-2026-0701,Ranchi Ring-Rail & Transit Oriented Development,Jharkhand,Ranchi,Urban Metros & Smart Cities,945.6,1820,81.4,12,0,True,True,83.3,82.9,Low,7.4,Final Acquisition Complete,12,0
LA-OD-2026-0702,Balasore Multi-Village Barrage & Micro-Irrigation Canal,Odisha,Balasore,Irrigation & Water Reservoirs,886.3,1945,71.5,10,0,True,True,78.9,76.2,Medium,5.6,Final Acquisition Complete,7,0
LA-AN-2026-0703,Vijayawada Dedicated Freight Rail Freight Corridor & Terminal,Andhra Pradesh,Vijayawada,Railways & Dedicated Freight,394.9,965,83.4,11,0,True,True,98.3,70.5,High,4.9,Possession (Sec 38),0,0
LA-TA-2026-0704,Salem Ultra-Mega 500MW Solar Photovoltaic Park,Tamil Nadu,Salem,Renewable Energy & Solar Parks,1112.7,1101,10.1,38,0,False,True,0.0,0.0,Medium,3.9,Land Survey & Demarcation,75,1
LA-TA-2026-0705,Madurai Dedicated Freight Rail Freight Corridor & Terminal,Tamil Nadu,Madurai,Railways & Dedicated Freight,768.3,1571,96.3,24,0,True,True,60.6,56.0,High,4.2,Possession (Sec 38),0,0
LA-MA-2026-0706,Bhopal Multimodal Logistics Hub & Industrial Township,Madhya Pradesh,Bhopal,Industrial Corridors & SEZ,1188.2,908,13.8,8,1,False,True,0.0,0.0,High,5.2,Land Survey & Demarcation,61,1
LA-OD-2026-0707,Sundargarh Ultra-Mega 500MW Solar Photovoltaic Park,Odisha,Sundargarh,Renewable Energy & Solar Parks,1193.1,704,5.3,40,2,False,True,0.0,0.0,High,7.5,Notification (Sec 11),109,1
LA-GU-2026-0708,Vadodara Multimodal Logistics Hub & Industrial Township,Gujarat,Vadodara,Industrial Corridors & SEZ,123.5,282,81.1,5,0,True,True,86.0,69.0,High,4.1,Final Acquisition Complete,0,0
LA-AN-2026-0709,Visakhapatnam Ultra-Mega 500MW Solar Photovoltaic Park,Andhra Pradesh,Visakhapatnam,Renewable Energy & Solar Parks,706.3,1545,79.7,1,0,True,True,72.7,58.9,Medium,3.6,Final Acquisition Complete,0,0
LA-AN-2026-0710,Guntur Block-IV Mineral Extraction & Processing Node,Andhra Pradesh,Guntur,Mining & Coal Exploration,540.7,1227,97.5,21,0,True,True,99.6,87.7,Medium,4.5,Possession (Sec 38),9,0
LA-OD-2026-0711,Balasore Bypass 6-Lane Expressway Expansion,Odisha,Balasore,Highways & Expressways,657.1,584,94.7,13,1,True,True,74.8,64.1,High,5.1,Final Acquisition Complete,2,0
LA-MA-2026-0712,Jabalpur Bypass 6-Lane Expressway Expansion,Madhya Pradesh,Jabalpur,Highways & Expressways,1069.4,1589,74.1,25,0,True,True,71.1,83.4,Low,6.2,Possession (Sec 38),25,0
LA-OD-2026-0713,Bhubaneswar Multimodal Logistics Hub & Industrial Township,Odisha,Bhubaneswar,Industrial Corridors & SEZ,814.7,528,96.8,25,1,True,True,61.5,55.0,High,4.6,Final Acquisition Complete,11,0
LA-JH-2026-0714,Ranchi Dedicated Freight Rail Freight Corridor & Terminal,Jharkhand,Ranchi,Railways & Dedicated Freight,336.7,270,35.7,32,4,True,True,4.2,4.0,Low,7.8,Objection / Legal Hearing (Sec 15),112,1
LA-MA-2026-0715,Indore Ultra-Mega 500MW Solar Photovoltaic Park,Madhya Pradesh,Indore,Renewable Energy & Solar Parks,766.5,743,59.5,72,2,True,True,48.2,58.9,High,4.5,Rehabilitation & Resettlement (R&R),87,1
LA-GU-2026-0716,Vadodara Ring-Rail & Transit Oriented Development,Gujarat,Vadodara,Urban Metros & Smart Cities,518.0,722,24.9,49,0,False,True,2.6,19.1,High,3.6,Compensation Assessment,63,0
LA-MA-2026-0717,Gwalior Block-IV Mineral Extraction & Processing Node,Madhya Pradesh,Gwalior,Mining & Coal Exploration,277.7,611,86.9,12,0,True,True,72.9,83.7,High,4.9,Final Acquisition Complete,0,0
LA-AN-2026-0718,Visakhapatnam Ring-Rail & Transit Oriented Development,Andhra Pradesh,Visakhapatnam,Urban Metros & Smart Cities,387.5,511,2.5,39,0,True,False,0.0,0.0,High,3.9,Preliminary Investigation,39,0
LA-JH-2026-0719,Ranchi Block-IV Mineral Extraction & Processing Node,Jharkhand,Ranchi,Mining & Coal Exploration,99.6,59,86.1,27,0,True,True,99.4,91.9,Medium,7.6,Final Acquisition Complete,21,0
LA-UT-2026-0720,Gorakhpur Bypass 6-Lane Expressway Expansion,Uttar Pradesh,Gorakhpur,Highways & Expressways,1018.4,2047,7.5,10,0,False,False,0.0,0.0,Medium,6.5,Preliminary Investigation,71,1
LA-OD-2026-0721,Sambalpur Multi-Village Barrage & Micro-Irrigation Canal,Odisha,Sambalpur,Irrigation & Water Reservoirs,179.2,355,30.5,11,0,False,True,13.0,51.1,High,6.7,Rehabilitation & Resettlement (R&R),40,0
LA-UT-2026-0722,Lucknow Ultra-Mega 500MW Solar Photovoltaic Park,Uttar Pradesh,Lucknow,Renewable Energy & Solar Parks,947.1,1278,20.6,65,4,False,True,6.9,2.0,High,4.9,Compensation Assessment,131,1
LA-MA-2026-0723,Nagpur Multimodal Logistics Hub & Industrial Township,Maharashtra,Nagpur,Industrial Corridors & SEZ,620.2,784,91.8,3,1,True,True,98.1,88.1,High,4.2,Final Acquisition Complete,0,0
LA-JH-2026-0724,Bokaro Bypass 6-Lane Expressway Expansion,Jharkhand,Bokaro,Highways & Expressways,415.6,880,13.3,36,4,True,True,2.5,17.3,Low,6.1,Compensation Assessment,119,1
LA-MA-2026-0725,Indore Multimodal Logistics Hub & Industrial Township,Madhya Pradesh,Indore,Industrial Corridors & SEZ,1005.3,576,63.9,72,5,True,True,44.9,28.4,High,4.2,Compensation Disbursement,128,1
LA-OD-2026-0726,Sundargarh Multimodal Logistics Hub & Industrial Township,Odisha,Sundargarh,Industrial Corridors & SEZ,1107.4,1496,1.9,33,0,True,True,0.0,0.0,Low,7.2,Notification (Sec 11),91,1
LA-MA-2026-0727,Bhopal Ring-Rail & Transit Oriented Development,Madhya Pradesh,Bhopal,Urban Metros & Smart Cities,597.5,1193,82.0,23,0,True,True,71.9,71.8,Medium,5.0,Final Acquisition Complete,7,0
LA-TA-2026-0728,Coimbatore Ultra-Mega 500MW Solar Photovoltaic Park,Tamil Nadu,Coimbatore,Renewable Energy & Solar Parks,635.3,636,85.9,77,1,True,True,47.1,51.0,High,3.5,Compensation Disbursement,58,0
LA-GU-2026-0729,Surat Block-IV Mineral Extraction & Processing Node,Gujarat,Surat,Mining & Coal Exploration,259.1,178,13.3,33,2,True,True,9.4,11.9,Medium,4.0,Objection / Legal Hearing (Sec 15),83,1
LA-OD-2026-0730,Sundargarh Multimodal Logistics Hub & Industrial Township,Odisha,Sundargarh,Industrial Corridors & SEZ,456.5,928,29.6,18,1,False,True,9.6,4.1,Medium,7.0,Compensation Assessment,90,1
LA-AN-2026-0731,Visakhapatnam Multi-Village Barrage & Micro-Irrigation Canal,Andhra Pradesh,Visakhapatnam,Irrigation & Water Reservoirs,701.4,1547,87.8,31,1,False,True,39.5,45.8,Low,4.2,Compensation Disbursement,68,1
LA-OD-2026-0732,Bhubaneswar Multi-Village Barrage & Micro-Irrigation Canal,Odisha,Bhubaneswar,Irrigation & Water Reservoirs,404.9,927,7.7,42,2,False,False,0.0,0.0,High,4.4,Preliminary Investigation,111,1
LA-MA-2026-0733,Nagpur Multi-Village Barrage & Micro-Irrigation Canal,Maharashtra,Nagpur,Irrigation & Water Reservoirs,391.3,604,82.4,65,1,True,True,43.7,62.8,High,4.1,Compensation Disbursement,45,0
LA-AN-2026-0734,Visakhapatnam Bypass 6-Lane Expressway Expansion,Andhra Pradesh,Visakhapatnam,Highways & Expressways,1030.1,2102,52.6,57,3,True,True,34.7,58.8,Medium,3.9,Compensation Disbursement,101,1
LA-JH-2026-0735,Dhanbad Block-IV Mineral Extraction & Processing Node,Jharkhand,Dhanbad,Mining & Coal Exploration,135.6,167,84.9,60,3,True,True,34.3,16.7,Low,6.3,Compensation Disbursement,110,1
LA-AN-2026-0736,Guntur Ring-Rail & Transit Oriented Development,Andhra Pradesh,Guntur,Urban Metros & Smart Cities,1196.7,2111,84.2,1,0,True,True,95.0,87.5,Medium,5.2,Possession (Sec 38),0,0
LA-UT-2026-0737,Varanasi Ring-Rail & Transit Oriented Development,Uttar Pradesh,Varanasi,Urban Metros & Smart Cities,90.9,161,1.5,12,1,False,True,0.0,0.0,High,5.7,Notification (Sec 11),73,1
LA-TA-2026-0738,Madurai Multimodal Logistics Hub & Industrial Township,Tamil Nadu,Madurai,Industrial Corridors & SEZ,631.7,1504,79.5,20,2,True,True,36.8,18.2,Medium,4.7,Compensation Disbursement,37,0
LA-AN-2026-0739,Vijayawada Ring-Rail & Transit Oriented Development,Andhra Pradesh,Vijayawada,Urban Metros & Smart Cities,390.6,633,7.0,36,0,False,False,0.0,0.0,High,4.5,Preliminary Investigation,76,1
LA-MA-2026-0740,Nagpur Bypass 6-Lane Expressway Expansion,Maharashtra,Nagpur,Highways & Expressways,951.8,889,1.2,19,0,False,True,0.0,0.0,Medium,4.3,Land Survey & Demarcation,63,1
LA-UT-2026-0741,Gorakhpur Dedicated Freight Rail Freight Corridor & Terminal,Uttar Pradesh,Gorakhpur,Railways & Dedicated Freight,511.4,1110,37.9,21,2,False,True,49.2,28.0,High,6.0,Compensation Disbursement,90,1
LA-TA-2026-0742,Madurai Multimodal Logistics Hub & Industrial Township,Tamil Nadu,Madurai,Industrial Corridors & SEZ,68.2,147,8.1,22,2,True,True,0.0,0.0,Medium,4.5,Land Survey & Demarcation,84,1
LA-AN-2026-0743,Visakhapatnam Block-IV Mineral Extraction & Processing Node,Andhra Pradesh,Visakhapatnam,Mining & Coal Exploration,1108.3,1700,7.1,23,1,False,False,0.0,0.0,High,3.8,Preliminary Investigation,76,1
LA-JH-2026-0744,East Singhbhum Bypass 6-Lane Expressway Expansion,Jharkhand,East Singhbhum,Highways & Expressways,520.2,608,1.5,10,1,False,True,0.0,0.0,High,6.9,Land Survey & Demarcation,80,1
LA-JH-2026-0745,Bokaro Multi-Village Barrage & Micro-Irrigation Canal,Jharkhand,Bokaro,Irrigation & Water Reservoirs,581.4,573,64.1,74,1,True,True,29.3,35.1,Low,6.2,Rehabilitation & Resettlement (R&R),111,1
LA-AN-2026-0746,Kurnool Block-IV Mineral Extraction & Processing Node,Andhra Pradesh,Kurnool,Mining & Coal Exploration,258.2,631,73.9,9,0,True,True,73.3,98.0,Medium,4.9,Final Acquisition Complete,0,0
LA-MA-2026-0747,Gwalior Dedicated Freight Rail Freight Corridor & Terminal,Madhya Pradesh,Gwalior,Railways & Dedicated Freight,386.3,335,25.3,5,2,False,True,10.9,3.1,High,5.0,Compensation Assessment,79,1
LA-MA-2026-0748,Nashik Multi-Village Barrage & Micro-Irrigation Canal,Maharashtra,Nashik,Irrigation & Water Reservoirs,1001.8,1915,31.2,51,3,True,True,15.1,53.2,Medium,4.8,Rehabilitation & Resettlement (R&R),107,1
LA-GU-2026-0749,Rajkot Ultra-Mega 500MW Solar Photovoltaic Park,Gujarat,Rajkot,Renewable Energy & Solar Parks,285.5,490,5.5,39,0,False,False,0.0,0.0,High,4.3,Preliminary Investigation,68,1
LA-MA-2026-0750,Nagpur Multi-Village Barrage & Micro-Irrigation Canal,Maharashtra,Nagpur,Irrigation & Water Reservoirs,424.0,766,4.3,2,2,False,True,0.0,0.0,Medium,3.9,Notification (Sec 11),76,1
LA-GU-2026-0751,Surat Multi-Village Barrage & Micro-Irrigation Canal,Gujarat,Surat,Irrigation & Water Reservoirs,431.9,848,6.1,20,0,True,True,0.0,0.0,Medium,3.8,Notification (Sec 11),26,0
LA-GU-2026-0752,Rajkot Multi-Village Barrage & Micro-Irrigation Canal,Gujarat,Rajkot,Irrigation & Water Reservoirs,381.0,387,9.1,30,1,False,False,0.0,0.0,Medium,4.3,Preliminary Investigation,88,1
LA-TA-2026-0753,Chennai Multi-Village Barrage & Micro-Irrigation Canal,Tamil Nadu,Chennai,Irrigation & Water Reservoirs,201.7,236,8.9,27,2,True,True,0.0,0.0,Low,4.6,Notification (Sec 11),98,1
LA-JH-2026-0754,Ranchi Ultra-Mega 500MW Solar Photovoltaic Park,Jharkhand,Ranchi,Renewable Energy & Solar Parks,321.5,377,78.2,12,3,True,True,31.7,23.9,High,7.0,Compensation Disbursement,57,1
LA-JH-2026-0755,Hazaribagh Multi-Village Barrage & Micro-Irrigation Canal,Jharkhand,Hazaribagh,Irrigation & Water Reservoirs,230.9,362,15.1,36,3,True,True,7.4,17.9,High,5.9,Objection / Legal Hearing (Sec 15),101,1
LA-JH-2026-0756,Ranchi Multimodal Logistics Hub & Industrial Township,Jharkhand,Ranchi,Industrial Corridors & SEZ,473.7,1165,13.9,27,1,False,True,0.0,0.0,High,7.5,Notification (Sec 11),101,1
LA-AN-2026-0757,Visakhapatnam Dedicated Freight Rail Freight Corridor & Terminal,Andhra Pradesh,Visakhapatnam,Railways & Dedicated Freight,1194.0,2067,37.8,32,3,False,True,10.4,1.0,High,3.7,Compensation Assessment,105,1
LA-UT-2026-0758,Gorakhpur Dedicated Freight Rail Freight Corridor & Terminal,Uttar Pradesh,Gorakhpur,Railways & Dedicated Freight,345.4,453,24.5,17,2,False,True,1.9,5.3,Medium,6.2,Compensation Assessment,100,1
LA-TA-2026-0759,Coimbatore Ring-Rail & Transit Oriented Development,Tamil Nadu,Coimbatore,Urban Metros & Smart Cities,715.8,1266,81.7,10,0,True,True,97.2,50.6,Medium,4.0,Possession (Sec 38),0,0
LA-UT-2026-0760,Agra Dedicated Freight Rail Freight Corridor & Terminal,Uttar Pradesh,Agra,Railways & Dedicated Freight,325.4,183,87.9,36,0,True,True,35.3,43.1,High,5.7,Rehabilitation & Resettlement (R&R),15,0
LA-AN-2026-0761,Guntur Ultra-Mega 500MW Solar Photovoltaic Park,Andhra Pradesh,Guntur,Renewable Energy & Solar Parks,758.5,1236,11.5,15,2,False,True,0.0,0.0,High,4.6,Land Survey & Demarcation,80,1
LA-UT-2026-0762,Agra Dedicated Freight Rail Freight Corridor & Terminal,Uttar Pradesh,Agra,Railways & Dedicated Freight,1190.8,1954,15.6,57,4,True,True,11.7,14.7,Medium,5.3,Objection / Legal Hearing (Sec 15),119,1
LA-GU-2026-0763,Vadodara Multimodal Logistics Hub & Industrial Township,Gujarat,Vadodara,Industrial Corridors & SEZ,615.2,962,51.3,32,1,False,True,40.3,29.3,High,3.5,Compensation Disbursement,58,0
LA-TA-2026-0764,Salem Ultra-Mega 500MW Solar Photovoltaic Park,Tamil Nadu,Salem,Renewable Energy & Solar Parks,1169.7,1544,65.2,83,5,True,True,15.5,46.0,High,3.6,Rehabilitation & Resettlement (R&R),127,1
LA-TA-2026-0765,Coimbatore Block-IV Mineral Extraction & Processing Node,Tamil Nadu,Coimbatore,Mining & Coal Exploration,898.0,2035,8.3,29,0,True,False,0.0,0.0,Medium,4.0,Preliminary Investigation,33,0
LA-OD-2026-0766,Sambalpur Dedicated Freight Rail Freight Corridor & Terminal,Odisha,Sambalpur,Railways & Dedicated Freight,101.2,56,26.1,64,1,True,True,10.3,8.9,High,6.1,Compensation Assessment,87,1
LA-TA-2026-0767,Coimbatore Multimodal Logistics Hub & Industrial Township,Tamil Nadu,Coimbatore,Industrial Corridors & SEZ,826.4,1084,7.1,26,0,False,False,0.0,0.0,Medium,3.4,Preliminary Investigation,59,1
LA-MA-2026-0768,Aurangabad Multi-Village Barrage & Micro-Irrigation Canal,Maharashtra,Aurangabad,Irrigation & Water Reservoirs,369.2,478,11.5,45,2,False,False,0.0,0.0,High,5.0,Preliminary Investigation,109,1
LA-MA-2026-0769,Gwalior Ring-Rail & Transit Oriented Development,Madhya Pradesh,Gwalior,Urban Metros & Smart Cities,873.3,1076,2.1,13,2,True,True,0.0,0.0,Medium,5.7,Notification (Sec 11),86,1
LA-MA-2026-0770,Nashik Block-IV Mineral Extraction & Processing Node,Maharashtra,Nashik,Mining & Coal Exploration,372.0,516,70.5,76,1,True,True,32.7,44.7,Medium,4.8,Compensation Disbursement,88,1
LA-TA-2026-0771,Madurai Ultra-Mega 500MW Solar Photovoltaic Park,Tamil Nadu,Madurai,Renewable Energy & Solar Parks,583.5,805,36.0,37,3,True,True,10.4,2.9,Medium,4.4,Compensation Assessment,105,1
LA-OD-2026-0772,Balasore Multimodal Logistics Hub & Industrial Township,Odisha,Balasore,Industrial Corridors & SEZ,900.9,2245,88.6,18,0,True,True,66.8,67.2,High,5.4,Final Acquisition Complete,4,0
LA-TA-2026-0773,Salem Ultra-Mega 500MW Solar Photovoltaic Park,Tamil Nadu,Salem,Renewable Energy & Solar Parks,231.1,530,98.4,4,0,True,True,73.7,65.5,Medium,3.7,Possession (Sec 38),0,0
LA-MA-2026-0774,Nagpur Bypass 6-Lane Expressway Expansion,Maharashtra,Nagpur,Highways & Expressways,1080.3,2141,71.0,2,1,True,True,85.1,97.6,Medium,4.6,Final Acquisition Complete,3,0
LA-MA-2026-0775,Pune Ring-Rail & Transit Oriented Development,Maharashtra,Pune,Urban Metros & Smart Cities,835.4,1505,10.3,2,0,False,True,0.0,0.0,High,4.2,Land Survey & Demarcation,31,0
LA-AN-2026-0776,Visakhapatnam Dedicated Freight Rail Freight Corridor & Terminal,Andhra Pradesh,Visakhapatnam,Railways & Dedicated Freight,380.7,348,92.9,10,0,True,True,79.1,54.9,Low,4.5,Final Acquisition Complete,7,0
LA-MA-2026-0777,Nashik Dedicated Freight Rail Freight Corridor & Terminal,Maharashtra,Nashik,Railways & Dedicated Freight,377.5,195,97.1,6,1,True,True,88.8,72.1,High,5.1,Possession (Sec 38),0,0
LA-MA-2026-0778,Bhopal Multimodal Logistics Hub & Industrial Township,Madhya Pradesh,Bhopal,Industrial Corridors & SEZ,411.2,603,9.7,21,0,False,True,0.0,0.0,Medium,5.1,Land Survey & Demarcation,66,1
LA-AN-2026-0779,Kurnool Bypass 6-Lane Expressway Expansion,Andhra Pradesh,Kurnool,Highways & Expressways,1074.7,1632,36.6,53,3,True,True,40.4,48.6,High,4.9,Compensation Disbursement,100,1
LA-OD-2026-0780,Bhubaneswar Block-IV Mineral Extraction & Processing Node,Odisha,Bhubaneswar,Mining & Coal Exploration,579.5,1083,76.3,24,0,True,True,86.9,66.2,High,4.8,Final Acquisition Complete,1,0
LA-UT-2026-0781,Kanpur Multi-Village Barrage & Micro-Irrigation Canal,Uttar Pradesh,Kanpur,Irrigation & Water Reservoirs,941.2,977,55.7,52,2,True,True,44.2,30.2,Medium,5.9,Rehabilitation & Resettlement (R&R),89,1
LA-TA-2026-0782,Salem Bypass 6-Lane Expressway Expansion,Tamil Nadu,Salem,Highways & Expressways,90.0,118,34.1,42,1,True,True,28.3,28.7,Medium,4.3,Rehabilitation & Resettlement (R&R),56,0
LA-JH-2026-0783,East Singhbhum Multimodal Logistics Hub & Industrial Township,Jharkhand,East Singhbhum,Industrial Corridors & SEZ,962.0,1669,19.6,65,3,False,True,1.1,3.2,Low,6.6,Objection / Legal Hearing (Sec 15),125,1
LA-GU-2026-0784,Rajkot Bypass 6-Lane Expressway Expansion,Gujarat,Rajkot,Highways & Expressways,90.9,107,6.6,30,0,False,True,0.0,0.0,Medium,4.2,Notification (Sec 11),69,1
LA-MA-2026-0785,Thane Ring-Rail & Transit Oriented Development,Maharashtra,Thane,Urban Metros & Smart Cities,718.0,1183,6.6,35,1,False,True,0.0,0.0,High,7.2,Land Survey & Demarcation,97,1
LA-JH-2026-0786,Dhanbad Multimodal Logistics Hub & Industrial Township,Jharkhand,Dhanbad,Industrial Corridors & SEZ,1149.7,1405,73.6,56,3,True,True,18.6,31.1,Medium,7.1,Compensation Disbursement,116,1
LA-AN-2026-0787,Guntur Multimodal Logistics Hub & Industrial Township,Andhra Pradesh,Guntur,Industrial Corridors & SEZ,527.1,1113,79.1,82,0,True,True,12.4,64.5,High,4.5,Rehabilitation & Resettlement (R&R),39,0
LA-TA-2026-0788,Salem Bypass 6-Lane Expressway Expansion,Tamil Nadu,Salem,Highways & Expressways,1169.7,2410,12.0,39,2,True,True,0.0,0.0,Medium,3.6,Notification (Sec 11),86,1
LA-GU-2026-0789,Vadodara Dedicated Freight Rail Freight Corridor & Terminal,Gujarat,Vadodara,Railways & Dedicated Freight,110.8,198,59.3,61,0,False,True,37.7,56.0,High,4.4,Compensation Disbursement,67,0
LA-GU-2026-0790,Ahmedabad Ring-Rail & Transit Oriented Development,Gujarat,Ahmedabad,Urban Metros & Smart Cities,711.6,1448,32.9,24,4,True,True,3.0,16.4,Medium,3.3,Objection / Legal Hearing (Sec 15),92,1
LA-OD-2026-0791,Sundargarh Ring-Rail & Transit Oriented Development,Odisha,Sundargarh,Urban Metros & Smart Cities,940.9,1486,4.9,42,0,False,False,0.0,0.0,Medium,7.2,Preliminary Investigation,107,1
LA-UT-2026-0792,Agra Ring-Rail & Transit Oriented Development,Uttar Pradesh,Agra,Urban Metros & Smart Cities,57.1,128,33.0,16,3,True,True,47.9,16.3,High,6.1,Compensation Disbursement,80,1
LA-OD-2026-0793,Sambalpur Dedicated Freight Rail Freight Corridor & Terminal,Odisha,Sambalpur,Railways & Dedicated Freight,1098.1,2140,92.7,11,1,True,True,64.8,74.5,Medium,6.0,Final Acquisition Complete,11,0
LA-OD-2026-0794,Bhubaneswar Bypass 6-Lane Expressway Expansion,Odisha,Bhubaneswar,Highways & Expressways,44.0,55,98.8,26,0,True,True,64.0,68.0,Low,4.6,Possession (Sec 38),14,0
LA-AN-2026-0795,Vijayawada Multi-Village Barrage & Micro-Irrigation Canal,Andhra Pradesh,Vijayawada,Irrigation & Water Reservoirs,43.6,105,96.9,18,0,True,True,61.8,92.4,Low,4.5,Possession (Sec 38),13,0
LA-UT-2026-0796,Varanasi Ring-Rail & Transit Oriented Development,Uttar Pradesh,Varanasi,Urban Metros & Smart Cities,1043.0,1900,24.5,28,1,False,True,2.4,3.4,Medium,5.4,Objection / Legal Hearing (Sec 15),84,1
LA-MA-2026-0797,Nagpur Block-IV Mineral Extraction & Processing Node,Maharashtra,Nagpur,Mining & Coal Exploration,755.7,420,11.0,10,3,True,True,7.1,14.7,High,4.1,Compensation Assessment,74,1
LA-UT-2026-0798,Varanasi Multi-Village Barrage & Micro-Irrigation Canal,Uttar Pradesh,Varanasi,Irrigation & Water Reservoirs,157.1,228,12.8,8,2,False,True,0.0,0.0,High,5.5,Notification (Sec 11),79,1
LA-JH-2026-0799,East Singhbhum Block-IV Mineral Extraction & Processing Node,Jharkhand,East Singhbhum,Mining & Coal Exploration,454.6,785,84.3,4,0,True,True,89.9,92.6,Medium,6.3,Final Acquisition Complete,0,0
LA-UT-2026-0800,Varanasi Block-IV Mineral Extraction & Processing Node,Uttar Pradesh,Varanasi,Mining & Coal Exploration,318.5,318,4.5,42,2,False,True,0.0,0.0,High,6.0,Notification (Sec 11),111,1
LA-AN-2026-0801,Vijayawada Multimodal Logistics Hub & Industrial Township,Andhra Pradesh,Vijayawada,Industrial Corridors & SEZ,903.8,1897,11.9,9,0,True,False,0.0,0.0,Low,4.0,Preliminary Investigation,27,0
LA-OD-2026-0802,Sambalpur Ring-Rail & Transit Oriented Development,Odisha,Sambalpur,Urban Metros & Smart Cities,245.6,549,51.4,66,5,True,True,49.7,37.7,Low,6.4,Compensation Disbursement,126,1
LA-TA-2026-0803,Madurai Ring-Rail & Transit Oriented Development,Tamil Nadu,Madurai,Urban Metros & Smart Cities,932.1,1316,95.7,13,0,True,True,90.5,63.1,Low,4.0,Possession (Sec 38),0,0
LA-UT-2026-0804,Lucknow Ultra-Mega 500MW Solar Photovoltaic Park,Uttar Pradesh,Lucknow,Renewable Energy & Solar Parks,173.4,207,29.4,55,1,False,True,14.1,19.3,High,4.8,Compensation Assessment,105,1
LA-OD-2026-0805,Bhubaneswar Ring-Rail & Transit Oriented Development,Odisha,Bhubaneswar,Urban Metros & Smart Cities,686.4,1071,8.0,44,0,False,True,0.0,0.0,High,4.8,Land Survey & Demarcation,85,1
LA-UT-2026-0806,Lucknow Dedicated Freight Rail Freight Corridor & Terminal,Uttar Pradesh,Lucknow,Railways & Dedicated Freight,660.5,1591,3.0,18,2,True,True,0.0,0.0,High,5.6,Land Survey & Demarcation,67,1
LA-GU-2026-0807,Rajkot Bypass 6-Lane Expressway Expansion,Gujarat,Rajkot,Highways & Expressways,320.3,516,13.8,3,0,False,True,0.0,0.0,High,4.5,Notification (Sec 11),34,0
LA-MA-2026-0808,Indore Dedicated Freight Rail Freight Corridor & Terminal,Madhya Pradesh,Indore,Railways & Dedicated Freight,948.9,1700,37.6,61,1,True,True,43.4,18.5,Low,4.8,Rehabilitation & Resettlement (R&R),99,1
LA-UT-2026-0809,Varanasi Bypass 6-Lane Expressway Expansion,Uttar Pradesh,Varanasi,Highways & Expressways,636.7,985,9.0,19,2,True,True,0.0,0.0,Low,6.1,Notification (Sec 11),95,1
LA-MA-2026-0810,Indore Block-IV Mineral Extraction & Processing Node,Madhya Pradesh,Indore,Mining & Coal Exploration,1140.6,663,18.9,42,3,True,True,9.4,8.5,Medium,4.7,Compensation Assessment,107,1
LA-MA-2026-0811,Aurangabad Ring-Rail & Transit Oriented Development,Maharashtra,Aurangabad,Urban Metros & Smart Cities,1008.1,2446,89.1,23,1,True,True,94.6,64.0,Medium,5.2,Possession (Sec 38),12,0
LA-TA-2026-0812,Salem Bypass 6-Lane Expressway Expansion,Tamil Nadu,Salem,Highways & Expressways,862.9,1269,3.3,6,1,False,True,0.0,0.0,High,3.9,Notification (Sec 11),57,1
LA-GU-2026-0813,Rajkot Multimodal Logistics Hub & Industrial Township,Gujarat,Rajkot,Industrial Corridors & SEZ,701.4,515,5.4,25,2,False,True,0.0,0.0,Low,4.4,Notification (Sec 11),108,1
LA-MA-2026-0814,Gwalior Ring-Rail & Transit Oriented Development,Madhya Pradesh,Gwalior,Urban Metros & Smart Cities,811.2,447,26.6,68,0,False,True,47.8,19.9,Medium,5.8,Rehabilitation & Resettlement (R&R),113,1
LA-TA-2026-0815,Madurai Bypass 6-Lane Expressway Expansion,Tamil Nadu,Madurai,Highways & Expressways,563.4,1398,76.6,54,3,True,True,18.4,53.5,Medium,4.1,Compensation Disbursement,90,1
LA-MA-2026-0816,Thane Dedicated Freight Rail Freight Corridor & Terminal,Maharashtra,Thane,Railways & Dedicated Freight,998.7,701,66.6,35,3,True,True,22.5,39.9,Medium,7.2,Compensation Disbursement,91,1
LA-MA-2026-0817,Jabalpur Dedicated Freight Rail Freight Corridor & Terminal,Madhya Pradesh,Jabalpur,Railways & Dedicated Freight,404.2,292,13.6,35,1,False,True,0.0,0.0,High,5.7,Land Survey & Demarcation,98,1
LA-MA-2026-0818,Nagpur Multimodal Logistics Hub & Industrial Township,Maharashtra,Nagpur,Industrial Corridors & SEZ,1026.3,812,48.0,82,5,True,True,15.3,34.3,Low,4.6,Rehabilitation & Resettlement (R&R),140,1
LA-OD-2026-0819,Jharsuguda Block-IV Mineral Extraction & Processing Node,Odisha,Jharsuguda,Mining & Coal Exploration,606.0,1312,3.7,41,2,True,False,0.0,0.0,Medium,5.9,Preliminary Investigation,109,1
LA-AN-2026-0820,Vijayawada Multi-Village Barrage & Micro-Irrigation Canal,Andhra Pradesh,Vijayawada,Irrigation & Water Reservoirs,678.7,1694,37.1,56,2,False,True,30.7,35.0,Medium,4.4,Rehabilitation & Resettlement (R&R),118,1
LA-TA-2026-0821,Coimbatore Dedicated Freight Rail Freight Corridor & Terminal,Tamil Nadu,Coimbatore,Railways & Dedicated Freight,1035.4,2560,60.0,50,5,False,True,15.2,64.1,Low,4.3,Compensation Disbursement,117,1
LA-OD-2026-0822,Sundargarh Dedicated Freight Rail Freight Corridor & Terminal,Odisha,Sundargarh,Railways & Dedicated Freight,341.2,741,83.1,0,0,True,True,83.6,53.2,High,7.2,Possession (Sec 38),0,0
LA-JH-2026-0823,East Singhbhum Block-IV Mineral Extraction & Processing Node,Jharkhand,East Singhbhum,Mining & Coal Exploration,1146.8,1206,13.4,27,2,True,True,0.0,0.0,Medium,6.1,Notification (Sec 11),83,1
LA-OD-2026-0824,Jharsuguda Dedicated Freight Rail Freight Corridor & Terminal,Odisha,Jharsuguda,Railways & Dedicated Freight,1136.9,896,90.4,1,1,True,True,72.6,50.3,Medium,6.0,Final Acquisition Complete,1,0
LA-MA-2026-0825,Aurangabad Dedicated Freight Rail Freight Corridor & Terminal,Maharashtra,Aurangabad,Railways & Dedicated Freight,1176.2,2408,39.3,47,0,False,True,0.4,18.6,Low,5.2,Objection / Legal Hearing (Sec 15),104,1
LA-GU-2026-0826,Rajkot Ring-Rail & Transit Oriented Development,Gujarat,Rajkot,Urban Metros & Smart Cities,240.0,269,53.0,35,3,True,True,20.1,19.5,Medium,4.1,Compensation Disbursement,90,1
LA-MA-2026-0827,Thane Ultra-Mega 500MW Solar Photovoltaic Park,Maharashtra,Thane,Renewable Energy & Solar Parks,1178.9,728,2.5,0,0,False,False,0.0,0.0,Medium,6.7,Preliminary Investigation,63,1
LA-JH-2026-0828,Hazaribagh Dedicated Freight Rail Freight Corridor & Terminal,Jharkhand,Hazaribagh,Railways & Dedicated Freight,238.6,223,96.2,5,1,True,True,96.5,80.0,High,6.4,Possession (Sec 38),0,0
LA-UT-2026-0829,Kanpur Bypass 6-Lane Expressway Expansion,Uttar Pradesh,Kanpur,Highways & Expressways,1068.7,2230,98.0,5,1,True,True,97.4,55.4,High,5.4,Final Acquisition Complete,0,0
LA-MA-2026-0830,Nashik Block-IV Mineral Extraction & Processing Node,Maharashtra,Nashik,Mining & Coal Exploration,1116.1,1781,83.4,7,0,True,True,64.7,77.7,Medium,5.2,Possession (Sec 38),3,0
LA-MA-2026-0831,Indore Multi-Village Barrage & Micro-Irrigation Canal,Madhya Pradesh,Indore,Irrigation & Water Reservoirs,1021.1,696,13.7,34,2,False,True,0.0,0.0,Medium,3.9,Notification (Sec 11),108,1
LA-UT-2026-0832,Agra Multi-Village Barrage & Micro-Irrigation Canal,Uttar Pradesh,Agra,Irrigation & Water Reservoirs,468.1,693,45.9,17,2,False,True,29.4,34.4,High,5.8,Rehabilitation & Resettlement (R&R),75,1
LA-OD-2026-0833,Bhubaneswar Ultra-Mega 500MW Solar Photovoltaic Park,Odisha,Bhubaneswar,Renewable Energy & Solar Parks,778.1,1539,0.7,12,2,False,True,0.0,0.0,Medium,5.2,Land Survey & Demarcation,88,1
LA-JH-2026-0834,Bokaro Block-IV Mineral Extraction & Processing Node,Jharkhand,Bokaro,Mining & Coal Exploration,1095.0,763,13.4,4,1,False,False,0.0,0.0,Medium,5.8,Preliminary Investigation,75,1
LA-JH-2026-0835,Ranchi Block-IV Mineral Extraction & Processing Node,Jharkhand,Ranchi,Mining & Coal Exploration,1087.7,1978,5.0,14,2,True,False,0.0,0.0,Medium,7.6,Preliminary Investigation,82,1
LA-GU-2026-0836,Ahmedabad Block-IV Mineral Extraction & Processing Node,Gujarat,Ahmedabad,Mining & Coal Exploration,824.5,1583,45.1,11,3,True,True,47.6,47.7,High,3.7,Rehabilitation & Resettlement (R&R),46,1
LA-GU-2026-0837,Vadodara Block-IV Mineral Extraction & Processing Node,Gujarat,Vadodara,Mining & Coal Exploration,761.2,982,6.7,4,0,False,False,0.0,0.0,Low,4.2,Preliminary Investigation,72,1
LA-MA-2026-0838,Bhopal Block-IV Mineral Extraction & Processing Node,Madhya Pradesh,Bhopal,Mining & Coal Exploration,359.6,385,42.0,81,0,True,True,40.4,34.7,High,5.7,Rehabilitation & Resettlement (R&R),75,0
LA-JH-2026-0839,Bokaro Multi-Village Barrage & Micro-Irrigation Canal,Jharkhand,Bokaro,Irrigation & Water Reservoirs,123.2,232,6.5,9,2,False,True,0.0,0.0,High,5.6,Land Survey & Demarcation,86,1
LA-JH-2026-0840,Hazaribagh Block-IV Mineral Extraction & Processing Node,Jharkhand,Hazaribagh,Mining & Coal Exploration,693.3,1661,14.3,29,1,True,False,0.0,0.0,Medium,5.6,Preliminary Investigation,62,1
LA-JH-2026-0841,Bokaro Dedicated Freight Rail Freight Corridor & Terminal,Jharkhand,Bokaro,Railways & Dedicated Freight,762.0,892,0.4,15,0,False,True,0.0,0.0,High,6.1,Land Survey & Demarcation,61,1
LA-UT-2026-0842,Varanasi Bypass 6-Lane Expressway Expansion,Uttar Pradesh,Varanasi,Highways & Expressways,633.7,338,72.1,10,1,True,True,22.9,16.9,High,5.4,Rehabilitation & Resettlement (R&R),13,0
LA-JH-2026-0843,Bokaro Multimodal Logistics Hub & Industrial Township,Jharkhand,Bokaro,Industrial Corridors & SEZ,687.3,445,13.7,18,2,False,False,0.0,0.0,High,5.8,Preliminary Investigation,94,1
LA-OD-2026-0844,Jharsuguda Multi-Village Barrage & Micro-Irrigation Canal,Odisha,Jharsuguda,Irrigation & Water Reservoirs,1105.3,891,80.8,30,0,True,True,65.8,81.9,High,6.7,Possession (Sec 38),5,0
LA-UT-2026-0845,Gorakhpur Bypass 6-Lane Expressway Expansion,Uttar Pradesh,Gorakhpur,Highways & Expressways,507.2,1146,99.6,30,0,True,True,65.0,81.3,High,6.1,Possession (Sec 38),9,0
LA-GU-2026-0846,Rajkot Block-IV Mineral Extraction & Processing Node,Gujarat,Rajkot,Mining & Coal Exploration,408.1,529,38.4,56,5,True,True,18.7,24.5,High,4.0,Compensation Disbursement,120,1
LA-GU-2026-0847,Vadodara Bypass 6-Lane Expressway Expansion,Gujarat,Vadodara,Highways & Expressways,791.4,871,93.2,10,0,True,True,84.9,52.5,High,3.5,Final Acquisition Complete,0,0
LA-GU-2026-0848,Rajkot Multi-Village Barrage & Micro-Irrigation Canal,Gujarat,Rajkot,Irrigation & Water Reservoirs,346.2,689,2.3,9,0,False,True,0.0,0.0,High,4.3,Land Survey & Demarcation,43,0
LA-OD-2026-0849,Sambalpur Ring-Rail & Transit Oriented Development,Odisha,Sambalpur,Urban Metros & Smart Cities,889.0,2001,93.6,10,0,True,True,63.4,50.4,Low,6.5,Final Acquisition Complete,11,0
LA-TA-2026-0850,Coimbatore Bypass 6-Lane Expressway Expansion,Tamil Nadu,Coimbatore,Highways & Expressways,757.3,856,54.0,81,0,True,True,23.5,23.8,Medium,3.6,Compensation Disbursement,57,0
LA-UT-2026-0851,Varanasi Dedicated Freight Rail Freight Corridor & Terminal,Uttar Pradesh,Varanasi,Railways & Dedicated Freight,674.0,969,90.7,30,1,True,True,96.1,98.8,Medium,5.9,Final Acquisition Complete,21,0
LA-MA-2026-0852,Pune Dedicated Freight Rail Freight Corridor & Terminal,Maharashtra,Pune,Railways & Dedicated Freight,713.8,1767,6.6,28,0,False,False,0.0,0.0,Low,4.4,Preliminary Investigation,83,1
LA-TA-2026-0853,Madurai Dedicated Freight Rail Freight Corridor & Terminal,Tamil Nadu,Madurai,Railways & Dedicated Freight,820.9,1915,42.7,42,2,False,True,14.4,3.9,Low,3.8,Compensation Assessment,113,1
LA-MA-2026-0854,Bhopal Block-IV Mineral Extraction & Processing Node,Madhya Pradesh,Bhopal,Mining & Coal Exploration,250.6,265,42.1,44,1,True,True,7.3,18.1,Medium,5.8,Compensation Assessment,70,1
LA-GU-2026-0855,Vadodara Multi-Village Barrage & Micro-Irrigation Canal,Gujarat,Vadodara,Irrigation & Water Reservoirs,416.2,234,13.9,19,0,True,True,0.0,0.0,High,4.2,Notification (Sec 11),19,0
LA-MA-2026-0856,Gwalior Multi-Village Barrage & Micro-Irrigation Canal,Madhya Pradesh,Gwalior,Irrigation & Water Reservoirs,456.0,695,52.6,80,2,True,True,38.3,21.6,Medium,5.2,Compensation Disbursement,118,1
LA-AN-2026-0857,Visakhapatnam Multimodal Logistics Hub & Industrial Township,Andhra Pradesh,Visakhapatnam,Industrial Corridors & SEZ,1037.2,2376,33.4,18,2,True,True,40.5,27.1,Medium,3.7,Compensation Disbursement,54,1
LA-OD-2026-0858,Bhubaneswar Ring-Rail & Transit Oriented Development,Odisha,Bhubaneswar,Urban Metros & Smart Cities,1047.4,1817,65.7,88,0,True,True,44.9,38.0,Low,4.3,Compensation Disbursement,96,1
LA-UT-2026-0859,Varanasi Multimodal Logistics Hub & Industrial Township,Uttar Pradesh,Varanasi,Industrial Corridors & SEZ,29.5,61,0.7,20,2,True,True,0.0,0.0,High,5.5,Notification (Sec 11),80,1
LA-OD-2026-0860,Jharsuguda Multimodal Logistics Hub & Industrial Township,Odisha,Jharsuguda,Industrial Corridors & SEZ,545.0,825,14.6,34,0,False,False,0.0,0.0,High,6.0,Preliminary Investigation,66,1
LA-MA-2026-0861,Pune Dedicated Freight Rail Freight Corridor & Terminal,Maharashtra,Pune,Railways & Dedicated Freight,488.7,1061,6.2,13,1,False,True,0.0,0.0,High,4.8,Land Survey & Demarcation,74,1
LA-TA-2026-0862,Coimbatore Block-IV Mineral Extraction & Processing Node,Tamil Nadu,Coimbatore,Mining & Coal Exploration,911.3,573,22.0,62,0,True,True,11.0,12.4,Low,4.3,Compensation Assessment,80,1
LA-MA-2026-0863,Thane Multimodal Logistics Hub & Industrial Township,Maharashtra,Thane,Industrial Corridors & SEZ,693.8,1355,5.4,31,1,False,True,0.0,0.0,Medium,6.8,Notification (Sec 11),99,1
LA-TA-2026-0864,Coimbatore Multi-Village Barrage & Micro-Irrigation Canal,Tamil Nadu,Coimbatore,Irrigation & Water Reservoirs,1059.0,1216,98.4,14,0,True,True,76.1,93.4,Medium,4.0,Possession (Sec 38),4,0
LA-GU-2026-0865,Rajkot Multi-Village Barrage & Micro-Irrigation Canal,Gujarat,Rajkot,Irrigation & Water Reservoirs,494.3,260,9.9,37,0,True,True,0.0,0.0,Medium,4.4,Land Survey & Demarcation,50,0
LA-JH-2026-0866,Bokaro Multi-Village Barrage & Micro-Irrigation Canal,Jharkhand,Bokaro,Irrigation & Water Reservoirs,211.0,455,43.0,65,3,False,True,17.6,45.3,Medium,5.8,Rehabilitation & Resettlement (R&R),127,1
LA-JH-2026-0867,East Singhbhum Multi-Village Barrage & Micro-Irrigation Canal,Jharkhand,East Singhbhum,Irrigation & Water Reservoirs,191.2,293,17.6,48,1,False,True,7.4,19.1,Medium,6.3,Compensation Assessment,108,1
LA-GU-2026-0868,Ahmedabad Block-IV Mineral Extraction & Processing Node,Gujarat,Ahmedabad,Mining & Coal Exploration,459.2,1120,6.7,13,0,False,True,0.0,0.0,Medium,3.4,Land Survey & Demarcation,47,1
LA-TA-2026-0869,Salem Block-IV Mineral Extraction & Processing Node,Tamil Nadu,Salem,Mining & Coal Exploration,1084.7,2636,30.0,36,1,False,True,13.7,14.2,High,4.1,Objection / Legal Hearing (Sec 15),76,1
LA-JH-2026-0870,East Singhbhum Ultra-Mega 500MW Solar Photovoltaic Park,Jharkhand,East Singhbhum,Renewable Energy & Solar Parks,120.5,178,82.9,34,3,False,True,48.3,28.3,Medium,6.8,Compensation Disbursement,102,1
LA-TA-2026-0871,Chennai Block-IV Mineral Extraction & Processing Node,Tamil Nadu,Chennai,Mining & Coal Exploration,685.2,1416,84.5,26,0,True,True,72.6,94.2,Medium,4.1,Possession (Sec 38),1,0
LA-MA-2026-0872,Thane Ring-Rail & Transit Oriented Development,Maharashtra,Thane,Urban Metros & Smart Cities,356.9,742,94.6,9,0,True,True,60.4,63.0,Low,6.6,Final Acquisition Complete,15,0
LA-GU-2026-0873,Ahmedabad Multi-Village Barrage & Micro-Irrigation Canal,Gujarat,Ahmedabad,Irrigation & Water Reservoirs,677.4,1143,32.0,30,2,False,True,20.9,28.8,High,4.1,Rehabilitation & Resettlement (R&R),95,1
LA-JH-2026-0874,Ranchi Dedicated Freight Rail Freight Corridor & Terminal,Jharkhand,Ranchi,Railways & Dedicated Freight,1002.4,1253,53.2,51,2,True,True,23.0,23.9,High,7.4,Compensation Disbursement,87,1
LA-JH-2026-0875,Hazaribagh Bypass 6-Lane Expressway Expansion,Jharkhand,Hazaribagh,Highways & Expressways,189.4,133,10.7,22,1,True,True,0.0,0.0,Medium,5.5,Notification (Sec 11),69,1
LA-TA-2026-0876,Chennai Multimodal Logistics Hub & Industrial Township,Tamil Nadu,Chennai,Industrial Corridors & SEZ,841.1,1342,38.5,40,1,True,True,16.4,53.1,Low,4.6,Rehabilitation & Resettlement (R&R),78,1
LA-JH-2026-0877,Ranchi Bypass 6-Lane Expressway Expansion,Jharkhand,Ranchi,Highways & Expressways,916.3,2199,14.8,7,3,False,True,4.8,7.8,High,7.4,Objection / Legal Hearing (Sec 15),92,1
LA-MA-2026-0878,Bhopal Bypass 6-Lane Expressway Expansion,Madhya Pradesh,Bhopal,Highways & Expressways,717.9,658,10.3,26,4,True,True,10.5,11.6,High,5.4,Objection / Legal Hearing (Sec 15),107,1
LA-JH-2026-0879,Hazaribagh Dedicated Freight Rail Freight Corridor & Terminal,Jharkhand,Hazaribagh,Railways & Dedicated Freight,911.2,922,41.4,62,0,True,True,5.9,13.0,High,5.9,Objection / Legal Hearing (Sec 15),45,0
LA-GU-2026-0880,Surat Multimodal Logistics Hub & Industrial Township,Gujarat,Surat,Industrial Corridors & SEZ,260.2,426,39.2,64,2,True,True,10.1,17.7,Low,3.8,Objection / Legal Hearing (Sec 15),113,1
LA-OD-2026-0881,Balasore Bypass 6-Lane Expressway Expansion,Odisha,Balasore,Highways & Expressways,39.5,85,17.2,55,3,True,True,14.2,7.8,High,5.3,Compensation Assessment,110,1
LA-MA-2026-0882,Gwalior Ring-Rail & Transit Oriented Development,Madhya Pradesh,Gwalior,Urban Metros & Smart Cities,116.3,83,11.1,43,0,True,True,0.8,0.2,High,5.9,Objection / Legal Hearing (Sec 15),50,0
LA-UT-2026-0883,Lucknow Multi-Village Barrage & Micro-Irrigation Canal,Uttar Pradesh,Lucknow,Irrigation & Water Reservoirs,114.4,152,75.1,36,3,True,True,45.9,30.1,Low,4.9,Compensation Disbursement,91,1
LA-JH-2026-0884,Bokaro Multi-Village Barrage & Micro-Irrigation Canal,Jharkhand,Bokaro,Irrigation & Water Reservoirs,345.9,188,71.9,21,0,True,True,87.7,60.8,High,6.3,Final Acquisition Complete,14,0
LA-MA-2026-0885,Gwalior Ultra-Mega 500MW Solar Photovoltaic Park,Madhya Pradesh,Gwalior,Renewable Energy & Solar Parks,796.5,1926,10.6,12,2,False,False,0.0,0.0,Medium,5.9,Preliminary Investigation,102,1
LA-AN-2026-0886,Vijayawada Multimodal Logistics Hub & Industrial Township,Andhra Pradesh,Vijayawada,Industrial Corridors & SEZ,1051.4,2282,14.3,45,0,False,False,0.0,0.0,Low,3.9,Preliminary Investigation,104,1
LA-MA-2026-0887,Aurangabad Block-IV Mineral Extraction & Processing Node,Maharashtra,Aurangabad,Mining & Coal Exploration,878.3,1389,66.6,54,3,True,True,26.3,44.0,Medium,5.5,Compensation Disbursement,112,1
LA-MA-2026-0888,Gwalior Dedicated Freight Rail Freight Corridor & Terminal,Madhya Pradesh,Gwalior,Railways & Dedicated Freight,1111.5,1990,60.0,90,5,True,True,37.2,59.5,Medium,5.5,Compensation Disbursement,139,1
LA-UT-2026-0889,Kanpur Multimodal Logistics Hub & Industrial Township,Uttar Pradesh,Kanpur,Industrial Corridors & SEZ,121.0,161,57.6,80,2,True,True,11.7,20.2,Medium,5.6,Rehabilitation & Resettlement (R&R),114,1
LA-TA-2026-0890,Salem Ultra-Mega 500MW Solar Photovoltaic Park,Tamil Nadu,Salem,Renewable Energy & Solar Parks,639.7,1368,47.8,68,1,True,True,26.3,52.6,Medium,4.3,Rehabilitation & Resettlement (R&R),77,1
LA-OD-2026-0891,Bhubaneswar Multi-Village Barrage & Micro-Irrigation Canal,Odisha,Bhubaneswar,Irrigation & Water Reservoirs,1101.1,2080,11.3,34,0,False,True,0.0,0.0,Low,5.1,Land Survey & Demarcation,90,1
LA-OD-2026-0892,Bhubaneswar Ring-Rail & Transit Oriented Development,Odisha,Bhubaneswar,Urban Metros & Smart Cities,103.8,145,14.2,0,2,False,True,0.0,0.0,High,4.5,Notification (Sec 11),75,1
LA-GU-2026-0893,Vadodara Multi-Village Barrage & Micro-Irrigation Canal,Gujarat,Vadodara,Irrigation & Water Reservoirs,823.0,2019,5.3,24,2,False,False,0.0,0.0,High,4.0,Preliminary Investigation,90,1
LA-GU-2026-0894,Vadodara Multi-Village Barrage & Micro-Irrigation Canal,Gujarat,Vadodara,Irrigation & Water Reservoirs,1156.3,2333,3.8,15,0,True,False,0.0,0.0,Low,4.4,Preliminary Investigation,47,0
LA-TA-2026-0895,Coimbatore Ultra-Mega 500MW Solar Photovoltaic Park,Tamil Nadu,Coimbatore,Renewable Energy & Solar Parks,279.5,369,73.9,14,1,True,True,94.5,89.0,Low,3.6,Possession (Sec 38),23,0
LA-MA-2026-0896,Jabalpur Multimodal Logistics Hub & Industrial Township,Madhya Pradesh,Jabalpur,Industrial Corridors & SEZ,322.5,237,2.6,10,1,False,False,0.0,0.0,Low,6.2,Preliminary Investigation,97,1
LA-TA-2026-0897,Salem Dedicated Freight Rail Freight Corridor & Terminal,Tamil Nadu,Salem,Railways & Dedicated Freight,596.3,304,94.2,9,0,True,True,96.2,88.6,Medium,4.3,Possession (Sec 38),0,0
LA-MA-2026-0898,Indore Bypass 6-Lane Expressway Expansion,Madhya Pradesh,Indore,Highways & Expressways,218.2,166,9.1,31,2,True,True,0.0,0.0,Medium,4.7,Notification (Sec 11),85,1
LA-GU-2026-0899,Ahmedabad Ultra-Mega 500MW Solar Photovoltaic Park,Gujarat,Ahmedabad,Renewable Energy & Solar Parks,516.9,293,10.5,5,0,True,True,0.0,0.0,Medium,3.5,Notification (Sec 11),3,0
LA-TA-2026-0900,Salem Dedicated Freight Rail Freight Corridor & Terminal,Tamil Nadu,Salem,Railways & Dedicated Freight,53.3,35,2.9,35,1,False,True,0.0,0.0,Medium,4.4,Notification (Sec 11),100,1
LA-UT-2026-0901,Kanpur Dedicated Freight Rail Freight Corridor & Terminal,Uttar Pradesh,Kanpur,Railways & Dedicated Freight,181.5,345,12.1,72,2,False,True,11.8,2.3,Low,5.6,Compensation Assessment,135,1
LA-UT-2026-0902,Gorakhpur Dedicated Freight Rail Freight Corridor & Terminal,Uttar Pradesh,Gorakhpur,Railways & Dedicated Freight,587.0,544,86.6,4,0,True,True,85.1,92.9,Medium,6.6,Possession (Sec 38),0,0
LA-UT-2026-0903,Lucknow Dedicated Freight Rail Freight Corridor & Terminal,Uttar Pradesh,Lucknow,Railways & Dedicated Freight,761.7,1010,42.8,46,0,True,True,12.4,8.1,High,4.8,Objection / Legal Hearing (Sec 15),37,0
LA-TA-2026-0904,Salem Dedicated Freight Rail Freight Corridor & Terminal,Tamil Nadu,Salem,Railways & Dedicated Freight,747.5,1555,89.4,16,1,True,True,90.2,57.9,Medium,3.7,Possession (Sec 38),7,0
LA-MA-2026-0905,Nashik Multimodal Logistics Hub & Industrial Township,Maharashtra,Nashik,Industrial Corridors & SEZ,933.2,541,4.2,19,1,False,True,0.0,0.0,High,5.2,Land Survey & Demarcation,78,1
LA-AN-2026-0906,Kurnool Multimodal Logistics Hub & Industrial Township,Andhra Pradesh,Kurnool,Industrial Corridors & SEZ,1110.1,1898,87.2,10,0,True,True,78.8,54.5,High,5.6,Final Acquisition Complete,0,0
LA-MA-2026-0907,Thane Ultra-Mega 500MW Solar Photovoltaic Park,Maharashtra,Thane,Renewable Energy & Solar Parks,292.7,688,77.2,26,0,True,True,67.7,98.6,Medium,7.3,Final Acquisition Complete,18,0
LA-GU-2026-0908,Vadodara Ring-Rail & Transit Oriented Development,Gujarat,Vadodara,Urban Metros & Smart Cities,967.6,1815,10.3,13,1,False,True,0.0,0.0,High,4.1,Land Survey & Demarcation,62,1
LA-UT-2026-0909,Lucknow Dedicated Freight Rail Freight Corridor & Terminal,Uttar Pradesh,Lucknow,Railways & Dedicated Freight,240.1,430,41.0,53,5,False,True,29.4,28.5,Medium,5.3,Compensation Disbursement,127,1
LA-MA-2026-0910,Thane Multi-Village Barrage & Micro-Irrigation Canal,Maharashtra,Thane,Irrigation & Water Reservoirs,103.2,219,7.4,32,1,False,False,0.0,0.0,High,7.0,Preliminary Investigation,99,1
LA-AN-2026-0911,Visakhapatnam Bypass 6-Lane Expressway Expansion,Andhra Pradesh,Visakhapatnam,Highways & Expressways,538.7,606,73.7,27,0,True,True,90.4,99.7,Low,4.1,Possession (Sec 38),23,0
LA-AN-2026-0912,Vijayawada Dedicated Freight Rail Freight Corridor & Terminal,Andhra Pradesh,Vijayawada,Railways & Dedicated Freight,1072.3,1751,5.1,18,1,False,False,0.0,0.0,High,4.6,Preliminary Investigation,79,1
LA-OD-2026-0913,Balasore Block-IV Mineral Extraction & Processing Node,Odisha,Balasore,Mining & Coal Exploration,203.3,326,17.7,7,4,True,True,12.1,16.5,Medium,6.0,Objection / Legal Hearing (Sec 15),100,1
LA-AN-2026-0914,Kurnool Dedicated Freight Rail Freight Corridor & Terminal,Andhra Pradesh,Kurnool,Railways & Dedicated Freight,741.3,1692,78.4,18,0,True,True,60.1,83.6,High,5.1,Possession (Sec 38),0,0
LA-MA-2026-0915,Indore Multi-Village Barrage & Micro-Irrigation Canal,Madhya Pradesh,Indore,Irrigation & Water Reservoirs,201.7,459,92.5,28,0,True,True,60.9,88.3,High,4.2,Possession (Sec 38),6,0
LA-TA-2026-0916,Madurai Multi-Village Barrage & Micro-Irrigation Canal,Tamil Nadu,Madurai,Irrigation & Water Reservoirs,463.2,883,34.5,45,1,True,True,5.7,15.8,Medium,4.1,Objection / Legal Hearing (Sec 15),64,0
LA-OD-2026-0917,Sundargarh Bypass 6-Lane Expressway Expansion,Odisha,Sundargarh,Highways & Expressways,783.4,493,10.8,60,3,True,True,8.6,7.2,High,7.5,Objection / Legal Hearing (Sec 15),116,1
LA-MA-2026-0918,Nashik Block-IV Mineral Extraction & Processing Node,Maharashtra,Nashik,Mining & Coal Exploration,210.8,197,85.5,12,0,True,True,81.2,59.8,Medium,5.0,Possession (Sec 38),7,0
LA-OD-2026-0919,Bhubaneswar Ultra-Mega 500MW Solar Photovoltaic Park,Odisha,Bhubaneswar,Renewable Energy & Solar Parks,319.2,494,2.2,17,2,True,False,0.0,0.0,Medium,4.9,Preliminary Investigation,84,1
LA-AN-2026-0920,Vijayawada Bypass 6-Lane Expressway Expansion,Andhra Pradesh,Vijayawada,Highways & Expressways,363.7,523,2.5,38,0,True,True,0.0,0.0,Low,4.0,Land Survey & Demarcation,77,1
LA-MA-2026-0921,Thane Multi-Village Barrage & Micro-Irrigation Canal,Maharashtra,Thane,Irrigation & Water Reservoirs,919.0,1788,98.0,24,0,True,True,69.8,50.4,Medium,6.5,Final Acquisition Complete,9,0
LA-JH-2026-0922,Hazaribagh Bypass 6-Lane Expressway Expansion,Jharkhand,Hazaribagh,Highways & Expressways,208.2,159,95.0,14,0,True,True,83.0,64.0,Medium,5.5,Possession (Sec 38),0,0
LA-OD-2026-0923,Sambalpur Multi-Village Barrage & Micro-Irrigation Canal,Odisha,Sambalpur,Irrigation & Water Reservoirs,25.7,36,10.2,33,2,False,True,0.0,0.0,High,6.0,Land Survey & Demarcation,98,1
LA-TA-2026-0924,Salem Ultra-Mega 500MW Solar Photovoltaic Park,Tamil Nadu,Salem,Renewable Energy & Solar Parks,173.3,99,99.8,12,0,True,True,93.7,55.8,High,3.9,Possession (Sec 38),0,0
LA-JH-2026-0925,East Singhbhum Ring-Rail & Transit Oriented Development,Jharkhand,East Singhbhum,Urban Metros & Smart Cities,553.7,930,2.1,15,2,False,True,0.0,0.0,Medium,6.2,Land Survey & Demarcation,106,1
LA-OD-2026-0926,Jharsuguda Block-IV Mineral Extraction & Processing Node,Odisha,Jharsuguda,Mining & Coal Exploration,569.4,758,43.2,11,2,True,True,13.5,18.5,Medium,6.4,Objection / Legal Hearing (Sec 15),61,1
LA-GU-2026-0927,Rajkot Ultra-Mega 500MW Solar Photovoltaic Park,Gujarat,Rajkot,Renewable Energy & Solar Parks,72.6,178,72.0,5,1,True,True,73.3,65.5,Low,4.4,Possession (Sec 38),12,0
LA-UT-2026-0928,Kanpur Ultra-Mega 500MW Solar Photovoltaic Park,Uttar Pradesh,Kanpur,Renewable Energy & Solar Parks,53.4,69,54.9,84,5,True,True,34.9,29.2,Low,5.6,Compensation Disbursement,133,1
LA-MA-2026-0929,Gwalior Multimodal Logistics Hub & Industrial Township,Madhya Pradesh,Gwalior,Industrial Corridors & SEZ,104.1,253,81.3,20,1,True,True,86.4,72.0,Medium,5.7,Final Acquisition Complete,26,0
LA-OD-2026-0930,Bhubaneswar Bypass 6-Lane Expressway Expansion,Odisha,Bhubaneswar,Highways & Expressways,39.2,30,16.8,37,4,True,True,12.0,17.7,Medium,4.5,Compensation Assessment,118,1
LA-MA-2026-0931,Nagpur Bypass 6-Lane Expressway Expansion,Maharashtra,Nagpur,Highways & Expressways,575.3,1416,27.3,52,4,True,True,1.2,9.2,High,4.2,Objection / Legal Hearing (Sec 15),108,1
LA-AN-2026-0932,Guntur Multimodal Logistics Hub & Industrial Township,Andhra Pradesh,Guntur,Industrial Corridors & SEZ,827.1,1747,77.4,10,0,True,True,92.6,71.7,High,4.6,Final Acquisition Complete,0,0
LA-GU-2026-0933,Ahmedabad Bypass 6-Lane Expressway Expansion,Gujarat,Ahmedabad,Highways & Expressways,677.1,1482,14.3,6,0,False,True,0.0,0.0,High,4.0,Land Survey & Demarcation,27,0
LA-GU-2026-0934,Rajkot Dedicated Freight Rail Freight Corridor & Terminal,Gujarat,Rajkot,Railways & Dedicated Freight,1139.5,2080,97.8,4,0,True,True,62.3,70.3,High,3.7,Possession (Sec 38),0,0
LA-JH-2026-0935,East Singhbhum Multi-Village Barrage & Micro-Irrigation Canal,Jharkhand,East Singhbhum,Irrigation & Water Reservoirs,716.4,938,43.6,51,5,True,True,34.4,23.2,High,6.2,Rehabilitation & Resettlement (R&R),122,1
LA-MA-2026-0936,Pune Ultra-Mega 500MW Solar Photovoltaic Park,Maharashtra,Pune,Renewable Energy & Solar Parks,603.9,413,77.5,32,3,True,True,35.9,64.6,Low,4.0,Rehabilitation & Resettlement (R&R),94,1
LA-TA-2026-0937,Madurai Block-IV Mineral Extraction & Processing Node,Tamil Nadu,Madurai,Mining & Coal Exploration,142.5,355,27.6,72,3,True,True,10.0,61.1,Low,3.9,Compensation Disbursement,133,1
LA-AN-2026-0938,Visakhapatnam Ultra-Mega 500MW Solar Photovoltaic Park,Andhra Pradesh,Visakhapatnam,Renewable Energy & Solar Parks,209.9,430,27.4,25,2,True,True,3.4,5.7,High,3.7,Compensation Assessment,48,0
LA-TA-2026-0939,Madurai Ring-Rail & Transit Oriented Development,Tamil Nadu,Madurai,Urban Metros & Smart Cities,958.3,2102,17.4,12,0,True,True,6.9,14.1,High,4.1,Objection / Legal Hearing (Sec 15),2,0
LA-UT-2026-0940,Lucknow Block-IV Mineral Extraction & Processing Node,Uttar Pradesh,Lucknow,Mining & Coal Exploration,833.1,1381,53.3,70,1,True,True,14.9,47.2,Low,5.4,Compensation Disbursement,109,1
LA-GU-2026-0941,Surat Ring-Rail & Transit Oriented Development,Gujarat,Surat,Urban Metros & Smart Cities,482.7,1025,43.8,46,1,True,True,11.8,17.3,High,3.8,Compensation Assessment,40,0
LA-UT-2026-0942,Lucknow Bypass 6-Lane Expressway Expansion,Uttar Pradesh,Lucknow,Highways & Expressways,1053.7,1231,74.2,29,0,True,True,80.5,74.8,Medium,5.0,Possession (Sec 38),11,0
LA-GU-2026-0943,Ahmedabad Ring-Rail & Transit Oriented Development,Gujarat,Ahmedabad,Urban Metros & Smart Cities,421.2,298,88.0,60,5,True,True,18.1,22.4,High,3.8,Compensation Disbursement,108,1
LA-OD-2026-0944,Jharsuguda Multimodal Logistics Hub & Industrial Township,Odisha,Jharsuguda,Industrial Corridors & SEZ,366.0,912,78.5,15,0,True,True,60.7,79.5,High,5.7,Final Acquisition Complete,0,0
LA-OD-2026-0945,Sundargarh Multimodal Logistics Hub & Industrial Township,Odisha,Sundargarh,Industrial Corridors & SEZ,984.7,1808,5.9,2,0,True,False,0.0,0.0,Medium,6.9,Preliminary Investigation,20,0
LA-MA-2026-0946,Indore Ring-Rail & Transit Oriented Development,Madhya Pradesh,Indore,Urban Metros & Smart Cities,653.9,1503,10.6,11,2,False,True,13.0,14.7,High,4.8,Compensation Assessment,77,1
LA-OD-2026-0947,Balasore Dedicated Freight Rail Freight Corridor & Terminal,Odisha,Balasore,Railways & Dedicated Freight,683.9,791,38.0,12,3,True,True,37.4,19.0,Low,5.2,Rehabilitation & Resettlement (R&R),96,1
LA-AN-2026-0948,Vijayawada Multi-Village Barrage & Micro-Irrigation Canal,Andhra Pradesh,Vijayawada,Irrigation & Water Reservoirs,881.8,1078,20.1,14,0,False,True,15.0,13.8,Medium,4.3,Objection / Legal Hearing (Sec 15),44,1
LA-JH-2026-0949,Dhanbad Block-IV Mineral Extraction & Processing Node,Jharkhand,Dhanbad,Mining & Coal Exploration,158.2,221,11.5,32,2,False,True,0.0,0.0,Low,7.1,Land Survey & Demarcation,111,1
LA-AN-2026-0950,Visakhapatnam Ring-Rail & Transit Oriented Development,Andhra Pradesh,Visakhapatnam,Urban Metros & Smart Cities,665.7,666,42.0,25,0,True,True,12.1,15.9,Medium,3.8,Objection / Legal Hearing (Sec 15),19,0
LA-OD-2026-0951,Jharsuguda Block-IV Mineral Extraction & Processing Node,Odisha,Jharsuguda,Mining & Coal Exploration,956.4,1305,75.4,18,5,False,True,26.1,23.4,Medium,6.1,Rehabilitation & Resettlement (R&R),99,1
LA-MA-2026-0952,Gwalior Bypass 6-Lane Expressway Expansion,Madhya Pradesh,Gwalior,Highways & Expressways,557.2,282,14.8,26,1,False,False,0.0,0.0,Low,5.1,Preliminary Investigation,93,1
LA-MA-2026-0953,Bhopal Ring-Rail & Transit Oriented Development,Madhya Pradesh,Bhopal,Urban Metros & Smart Cities,721.6,1044,8.3,39,0,False,True,0.0,0.0,Low,5.3,Notification (Sec 11),98,1
LA-TA-2026-0954,Coimbatore Ring-Rail & Transit Oriented Development,Tamil Nadu,Coimbatore,Urban Metros & Smart Cities,89.5,98,2.1,9,2,False,True,0.0,0.0,Medium,3.6,Notification (Sec 11),91,1
LA-GU-2026-0955,Ahmedabad Multimodal Logistics Hub & Industrial Township,Gujarat,Ahmedabad,Industrial Corridors & SEZ,503.1,277,16.5,17,4,False,True,1.4,2.7,Medium,3.6,Compensation Assessment,109,1
LA-AN-2026-0956,Guntur Ultra-Mega 500MW Solar Photovoltaic Park,Andhra Pradesh,Guntur,Renewable Energy & Solar Parks,297.0,312,8.3,45,0,False,True,0.0,0.0,High,5.0,Notification (Sec 11),75,1
LA-AN-2026-0957,Guntur Block-IV Mineral Extraction & Processing Node,Andhra Pradesh,Guntur,Mining & Coal Exploration,134.2,156,33.9,71,0,True,True,13.8,62.2,Low,5.3,Rehabilitation & Resettlement (R&R),98,1
LA-TA-2026-0958,Salem Ultra-Mega 500MW Solar Photovoltaic Park,Tamil Nadu,Salem,Renewable Energy & Solar Parks,121.4,101,29.9,32,3,True,True,13.0,12.6,Medium,4.1,Objection / Legal Hearing (Sec 15),100,1
LA-OD-2026-0959,Jharsuguda Ring-Rail & Transit Oriented Development,Odisha,Jharsuguda,Urban Metros & Smart Cities,603.9,589,31.5,22,2,True,True,5.8,16.5,High,6.0,Objection / Legal Hearing (Sec 15),56,1
LA-GU-2026-0960,Vadodara Multimodal Logistics Hub & Industrial Township,Gujarat,Vadodara,Industrial Corridors & SEZ,324.6,555,32.4,33,5,True,True,33.6,52.3,High,4.3,Rehabilitation & Resettlement (R&R),114,1
LA-OD-2026-0961,Sambalpur Bypass 6-Lane Expressway Expansion,Odisha,Sambalpur,Highways & Expressways,828.8,634,14.4,41,0,False,True,0.0,0.0,Medium,6.1,Notification (Sec 11),90,1
LA-JH-2026-0962,Bokaro Multimodal Logistics Hub & Industrial Township,Jharkhand,Bokaro,Industrial Corridors & SEZ,1045.8,1202,9.9,28,1,False,True,0.0,0.0,Medium,5.7,Notification (Sec 11),91,1
LA-UT-2026-0963,Varanasi Multimodal Logistics Hub & Industrial Township,Uttar Pradesh,Varanasi,Industrial Corridors & SEZ,600.6,1440,18.8,72,3,True,True,6.5,3.2,Medium,6.0,Objection / Legal Hearing (Sec 15),134,1
LA-MA-2026-0964,Thane Bypass 6-Lane Expressway Expansion,Maharashtra,Thane,Highways & Expressways,948.2,1478,80.4,27,1,True,True,85.8,72.5,Medium,6.8,Possession (Sec 38),29,0
LA-GU-2026-0965,Vadodara Bypass 6-Lane Expressway Expansion,Gujarat,Vadodara,Highways & Expressways,783.1,993,29.3,71,2,True,True,9.6,2.9,Medium,4.3,Objection / Legal Hearing (Sec 15),112,1
LA-AN-2026-0966,Guntur Bypass 6-Lane Expressway Expansion,Andhra Pradesh,Guntur,Highways & Expressways,1081.1,1085,43.5,28,4,False,True,14.0,17.1,High,5.0,Objection / Legal Hearing (Sec 15),99,1
LA-JH-2026-0967,Dhanbad Ultra-Mega 500MW Solar Photovoltaic Park,Jharkhand,Dhanbad,Renewable Energy & Solar Parks,692.3,348,32.1,85,2,True,True,22.3,53.2,Medium,7.0,Rehabilitation & Resettlement (R&R),130,1
LA-TA-2026-0968,Chennai Block-IV Mineral Extraction & Processing Node,Tamil Nadu,Chennai,Mining & Coal Exploration,1032.9,1253,8.0,27,0,False,False,0.0,0.0,High,5.0,Preliminary Investigation,69,1
LA-MA-2026-0969,Pune Bypass 6-Lane Expressway Expansion,Maharashtra,Pune,Highways & Expressways,573.8,900,13.6,33,1,False,True,14.8,11.0,Medium,4.4,Objection / Legal Hearing (Sec 15),99,1
LA-MA-2026-0970,Pune Block-IV Mineral Extraction & Processing Node,Maharashtra,Pune,Mining & Coal Exploration,1074.4,738,88.4,17,1,True,True,63.7,62.5,Medium,4.4,Possession (Sec 38),17,0
LA-AN-2026-0971,Vijayawada Ring-Rail & Transit Oriented Development,Andhra Pradesh,Vijayawada,Urban Metros & Smart Cities,985.1,918,79.9,8,1,True,True,63.5,79.1,Low,3.9,Possession (Sec 38),17,0
LA-TA-2026-0972,Madurai Multimodal Logistics Hub & Industrial Township,Tamil Nadu,Madurai,Industrial Corridors & SEZ,1177.3,1934,2.9,2,0,True,True,0.0,0.0,Medium,3.9,Notification (Sec 11),16,0
LA-OD-2026-0973,Sambalpur Dedicated Freight Rail Freight Corridor & Terminal,Odisha,Sambalpur,Railways & Dedicated Freight,62.0,120,5.5,9,2,False,True,0.0,0.0,Low,6.6,Land Survey & Demarcation,93,1
LA-UT-2026-0974,Agra Dedicated Freight Rail Freight Corridor & Terminal,Uttar Pradesh,Agra,Railways & Dedicated Freight,152.5,309,35.0,76,2,True,True,14.3,26.5,High,5.2,Rehabilitation & Resettlement (R&R),107,1
LA-TA-2026-0975,Salem Ultra-Mega 500MW Solar Photovoltaic Park,Tamil Nadu,Salem,Renewable Energy & Solar Parks,1145.5,1546,37.8,30,0,True,True,4.2,5.2,High,4.0,Objection / Legal Hearing (Sec 15),18,0
LA-MA-2026-0976,Bhopal Bypass 6-Lane Expressway Expansion,Madhya Pradesh,Bhopal,Highways & Expressways,891.0,1396,29.6,11,1,False,True,5.9,13.0,High,5.5,Objection / Legal Hearing (Sec 15),64,1
LA-OD-2026-0977,Sambalpur Ultra-Mega 500MW Solar Photovoltaic Park,Odisha,Sambalpur,Renewable Energy & Solar Parks,308.8,495,8.1,21,1,False,True,0.0,0.0,High,6.8,Notification (Sec 11),93,1
LA-UT-2026-0978,Lucknow Ring-Rail & Transit Oriented Development,Uttar Pradesh,Lucknow,Urban Metros & Smart Cities,846.1,574,25.5,63,2,True,True,6.3,12.7,Medium,4.9,Objection / Legal Hearing (Sec 15),109,1
LA-TA-2026-0979,Chennai Multimodal Logistics Hub & Industrial Township,Tamil Nadu,Chennai,Industrial Corridors & SEZ,1038.9,2021,2.5,5,0,False,False,0.0,0.0,Medium,4.1,Preliminary Investigation,49,1
LA-MA-2026-0980,Nashik Ring-Rail & Transit Oriented Development,Maharashtra,Nashik,Urban Metros & Smart Cities,870.1,2155,10.1,18,1,False,False,0.0,0.0,Medium,5.0,Preliminary Investigation,90,1
LA-UT-2026-0981,Kanpur Ultra-Mega 500MW Solar Photovoltaic Park,Uttar Pradesh,Kanpur,Renewable Energy & Solar Parks,201.9,433,9.3,24,1,True,True,0.0,0.0,High,5.7,Notification (Sec 11),59,0
LA-GU-2026-0982,Rajkot Block-IV Mineral Extraction & Processing Node,Gujarat,Rajkot,Mining & Coal Exploration,469.0,831,35.3,20,4,True,True,4.1,3.0,Medium,3.6,Objection / Legal Hearing (Sec 15),95,1
LA-AN-2026-0983,Vijayawada Block-IV Mineral Extraction & Processing Node,Andhra Pradesh,Vijayawada,Mining & Coal Exploration,947.5,1184,10.7,3,2,False,True,0.0,0.0,High,3.9,Land Survey & Demarcation,78,1
LA-GU-2026-0984,Rajkot Ultra-Mega 500MW Solar Photovoltaic Park,Gujarat,Rajkot,Renewable Energy & Solar Parks,242.1,152,71.4,3,1,True,True,64.9,69.6,High,3.6,Final Acquisition Complete,0,0
LA-JH-2026-0985,East Singhbhum Dedicated Freight Rail Freight Corridor & Terminal,Jharkhand,East Singhbhum,Railways & Dedicated Freight,1139.4,1705,85.5,20,1,True,True,75.1,88.2,Low,6.9,Final Acquisition Complete,45,0
LA-OD-2026-0986,Sambalpur Multimodal Logistics Hub & Industrial Township,Odisha,Sambalpur,Industrial Corridors & SEZ,878.0,1355,33.3,58,1,True,True,4.6,6.0,Medium,6.3,Compensation Assessment,95,1
LA-GU-2026-0987,Surat Multi-Village Barrage & Micro-Irrigation Canal,Gujarat,Surat,Irrigation & Water Reservoirs,990.9,1073,5.8,18,1,False,False,0.0,0.0,Low,3.3,Preliminary Investigation,96,1
LA-OD-2026-0988,Sundargarh Ring-Rail & Transit Oriented Development,Odisha,Sundargarh,Urban Metros & Smart Cities,810.7,1167,11.9,14,0,False,False,0.0,0.0,Low,6.9,Preliminary Investigation,89,1
LA-UT-2026-0989,Gorakhpur Ring-Rail & Transit Oriented Development,Uttar Pradesh,Gorakhpur,Urban Metros & Smart Cities,816.6,963,9.6,13,0,False,False,0.0,0.0,Medium,6.3,Preliminary Investigation,73,1
LA-TA-2026-0990,Coimbatore Multimodal Logistics Hub & Industrial Township,Tamil Nadu,Coimbatore,Industrial Corridors & SEZ,488.8,461,1.5,33,2,True,True,0.0,0.0,High,3.6,Notification (Sec 11),74,1
LA-MA-2026-0991,Aurangabad Bypass 6-Lane Expressway Expansion,Maharashtra,Aurangabad,Highways & Expressways,603.8,464,45.0,15,0,True,True,0.6,8.1,High,5.2,Objection / Legal Hearing (Sec 15),2,0
LA-MA-2026-0992,Jabalpur Ring-Rail & Transit Oriented Development,Madhya Pradesh,Jabalpur,Urban Metros & Smart Cities,940.2,1824,25.5,85,0,True,True,46.5,25.4,Low,6.3,Rehabilitation & Resettlement (R&R),122,1
LA-GU-2026-0993,Ahmedabad Bypass 6-Lane Expressway Expansion,Gujarat,Ahmedabad,Highways & Expressways,833.9,973,27.4,58,0,False,True,10.9,16.5,Low,3.6,Objection / Legal Hearing (Sec 15),100,1
LA-OD-2026-0994,Jharsuguda Bypass 6-Lane Expressway Expansion,Odisha,Jharsuguda,Highways & Expressways,390.7,250,7.9,6,1,False,True,0.0,0.0,High,5.8,Notification (Sec 11),72,1
LA-OD-2026-0995,Jharsuguda Dedicated Freight Rail Freight Corridor & Terminal,Odisha,Jharsuguda,Railways & Dedicated Freight,253.8,540,39.0,45,3,True,True,34.1,22.4,Medium,5.7,Rehabilitation & Resettlement (R&R),110,1
LA-MA-2026-0996,Pune Multimodal Logistics Hub & Industrial Township,Maharashtra,Pune,Industrial Corridors & SEZ,177.8,279,11.5,68,1,True,True,5.5,0.4,High,4.7,Compensation Assessment,94,1
LA-JH-2026-0997,Hazaribagh Ring-Rail & Transit Oriented Development,Jharkhand,Hazaribagh,Urban Metros & Smart Cities,1128.1,2693,0.8,24,1,True,False,0.0,0.0,High,5.5,Preliminary Investigation,50,1
LA-MA-2026-0998,Pune Multimodal Logistics Hub & Industrial Township,Maharashtra,Pune,Industrial Corridors & SEZ,142.4,121,41.4,28,4,False,True,5.3,16.3,High,4.1,Objection / Legal Hearing (Sec 15),105,1
LA-MA-2026-0999,Gwalior Ultra-Mega 500MW Solar Photovoltaic Park,Madhya Pradesh,Gwalior,Renewable Energy & Solar Parks,1181.1,2554,43.7,72,0,False,True,1.7,6.1,High,5.8,Objection / Legal Hearing (Sec 15),92,1
LA-TA-2026-1000,Madurai Multimodal Logistics Hub & Industrial Township,Tamil Nadu,Madurai,Industrial Corridors & SEZ,185.4,109,81.2,11,1,True,True,89.0,52.7,High,4.6,Final Acquisition Complete,0,0
LA-JH-2026-1001,Hazaribagh Ultra-Mega 500MW Solar Photovoltaic Park,Jharkhand,Hazaribagh,Renewable Energy & Solar Parks,968.9,1038,0.2,37,1,False,True,0.0,0.0,Medium,6.4,Notification (Sec 11),109,1
LA-GU-2026-1002,Rajkot Multimodal Logistics Hub & Industrial Township,Gujarat,Rajkot,Industrial Corridors & SEZ,130.3,201,93.5,7,1,True,True,83.2,81.8,Medium,4.4,Possession (Sec 38),4,0
LA-MA-2026-1003,Thane Ultra-Mega 500MW Solar Photovoltaic Park,Maharashtra,Thane,Renewable Energy & Solar Parks,1145.1,2612,39.4,56,3,True,True,12.1,4.5,High,6.7,Objection / Legal Hearing (Sec 15),112,1
LA-JH-2026-1004,Bokaro Dedicated Freight Rail Freight Corridor & Terminal,Jharkhand,Bokaro,Railways & Dedicated Freight,777.3,1099,83.0,81,2,True,True,35.7,23.7,Medium,6.2,Rehabilitation & Resettlement (R&R),110,1
LA-OD-2026-1005,Sundargarh Dedicated Freight Rail Freight Corridor & Terminal,Odisha,Sundargarh,Railways & Dedicated Freight,187.8,430,95.1,30,0,True,True,99.2,91.4,High,7.0,Final Acquisition Complete,4,0
LA-MA-2026-1006,Nagpur Bypass 6-Lane Expressway Expansion,Maharashtra,Nagpur,Highways & Expressways,970.4,2006,92.9,8,1,True,True,81.8,57.3,Low,4.1,Final Acquisition Complete,7,0
LA-GU-2026-1007,Rajkot Dedicated Freight Rail Freight Corridor & Terminal,Gujarat,Rajkot,Railways & Dedicated Freight,685.1,1450,12.5,33,0,True,False,0.0,0.0,Medium,4.5,Preliminary Investigation,40,0
LA-MA-2026-1008,Thane Dedicated Freight Rail Freight Corridor & Terminal,Maharashtra,Thane,Railways & Dedicated Freight,715.4,1463,19.5,33,3,True,True,13.5,17.1,Low,6.8,Objection / Legal Hearing (Sec 15),117,1
LA-GU-2026-1009,Rajkot Bypass 6-Lane Expressway Expansion,Gujarat,Rajkot,Highways & Expressways,617.1,401,77.9,18,0,True,True,23.4,63.5,High,4.6,Rehabilitation & Resettlement (R&R),1,0
LA-AN-2026-1010,Visakhapatnam Block-IV Mineral Extraction & Processing Node,Andhra Pradesh,Visakhapatnam,Mining & Coal Exploration,557.4,1141,7.8,41,2,False,False,0.0,0.0,High,4.5,Preliminary Investigation,106,1
LA-JH-2026-1011,East Singhbhum Multi-Village Barrage & Micro-Irrigation Canal,Jharkhand,East Singhbhum,Irrigation & Water Reservoirs,545.2,579,91.4,24,0,True,True,78.0,57.0,High,6.0,Possession (Sec 38),3,0
LA-UT-2026-1012,Gorakhpur Multi-Village Barrage & Micro-Irrigation Canal,Uttar Pradesh,Gorakhpur,Irrigation & Water Reservoirs,1109.3,2602,87.0,0,0,True,True,97.3,53.3,High,6.5,Possession (Sec 38),0,0
LA-AN-2026-1013,Visakhapatnam Bypass 6-Lane Expressway Expansion,Andhra Pradesh,Visakhapatnam,Highways & Expressways,1146.2,1293,2.6,6,2,False,True,0.0,0.0,High,4.1,Land Survey & Demarcation,79,1
LA-MA-2026-1014,Nashik Dedicated Freight Rail Freight Corridor & Terminal,Maharashtra,Nashik,Railways & Dedicated Freight,117.3,96,3.3,32,0,False,True,0.0,0.0,Medium,5.5,Notification (Sec 11),92,1
LA-MA-2026-1015,Jabalpur Multimodal Logistics Hub & Industrial Township,Madhya Pradesh,Jabalpur,Industrial Corridors & SEZ,373.7,384,98.8,27,0,True,True,94.6,66.2,High,5.7,Final Acquisition Complete,9,0
LA-JH-2026-1016,Ranchi Multi-Village Barrage & Micro-Irrigation Canal,Jharkhand,Ranchi,Irrigation & Water Reservoirs,826.4,1788,28.7,70,3,False,True,13.9,18.1,Medium,7.0,Objection / Legal Hearing (Sec 15),125,1
LA-MA-2026-1017,Pune Ring-Rail & Transit Oriented Development,Maharashtra,Pune,Urban Metros & Smart Cities,997.1,702,85.6,10,1,True,True,98.9,58.6,High,4.9,Final Acquisition Complete,0,0
LA-MA-2026-1018,Indore Ring-Rail & Transit Oriented Development,Madhya Pradesh,Indore,Urban Metros & Smart Cities,310.6,226,86.3,7,0,True,True,99.8,70.4,High,4.0,Final Acquisition Complete,0,0
LA-JH-2026-1019,Bokaro Multi-Village Barrage & Micro-Irrigation Canal,Jharkhand,Bokaro,Irrigation & Water Reservoirs,824.9,2053,70.5,76,3,True,True,26.1,61.9,Medium,6.3,Rehabilitation & Resettlement (R&R),119,1
LA-JH-2026-1020,East Singhbhum Multimodal Logistics Hub & Industrial Township,Jharkhand,East Singhbhum,Industrial Corridors & SEZ,237.0,416,2.4,0,1,False,True,0.0,0.0,Medium,6.1,Land Survey & Demarcation,77,1
LA-MA-2026-1021,Bhopal Bypass 6-Lane Expressway Expansion,Madhya Pradesh,Bhopal,Highways & Expressways,790.3,1876,87.1,24,0,True,True,73.1,69.9,High,5.0,Final Acquisition Complete,0,0
LA-AN-2026-1022,Vijayawada Ultra-Mega 500MW Solar Photovoltaic Park,Andhra Pradesh,Vijayawada,Renewable Energy & Solar Parks,1144.9,862,12.8,42,0,True,False,0.0,0.0,High,4.2,Preliminary Investigation,37,0
LA-AN-2026-1023,Guntur Ring-Rail & Transit Oriented Development,Andhra Pradesh,Guntur,Urban Metros & Smart Cities,675.4,426,80.4,22,0,True,True,85.0,75.4,High,5.0,Final Acquisition Complete,10,0
LA-UT-2026-1024,Varanasi Dedicated Freight Rail Freight Corridor & Terminal,Uttar Pradesh,Varanasi,Railways & Dedicated Freight,928.7,1684,88.5,2,1,True,True,71.0,89.0,High,5.7,Final Acquisition Complete,0,0
LA-MA-2026-1025,Gwalior Multi-Village Barrage & Micro-Irrigation Canal,Madhya Pradesh,Gwalior,Irrigation & Water Reservoirs,609.2,1334,73.9,1,1,True,True,80.6,59.8,High,5.5,Final Acquisition Complete,1,0
LA-JH-2026-1026,Bokaro Block-IV Mineral Extraction & Processing Node,Jharkhand,Bokaro,Mining & Coal Exploration,842.2,1908,13.0,39,2,False,False,0.0,0.0,Medium,6.4,Preliminary Investigation,109,1
LA-JH-2026-1027,Ranchi Dedicated Freight Rail Freight Corridor & Terminal,Jharkhand,Ranchi,Railways & Dedicated Freight,1026.7,1064,59.0,88,2,True,True,28.4,34.7,Medium,7.8,Compensation Disbursement,136,1
LA-OD-2026-1028,Sambalpur Ring-Rail & Transit Oriented Development,Odisha,Sambalpur,Urban Metros & Smart Cities,1000.6,944,60.5,61,2,True,True,46.1,43.6,Medium,6.7,Rehabilitation & Resettlement (R&R),108,1
LA-TA-2026-1029,Coimbatore Multi-Village Barrage & Micro-Irrigation Canal,Tamil Nadu,Coimbatore,Irrigation & Water Reservoirs,1098.9,1304,8.6,44,0,False,True,0.0,0.0,Medium,4.3,Land Survey & Demarcation,91,1
LA-TA-2026-1030,Chennai Ultra-Mega 500MW Solar Photovoltaic Park,Tamil Nadu,Chennai,Renewable Energy & Solar Parks,458.8,252,58.7,88,0,True,True,48.3,62.5,Medium,4.6,Rehabilitation & Resettlement (R&R),71,0
LA-AN-2026-1031,Guntur Bypass 6-Lane Expressway Expansion,Andhra Pradesh,Guntur,Highways & Expressways,993.6,644,97.4,16,0,True,True,84.0,58.2,Medium,5.0,Final Acquisition Complete,0,0
LA-AN-2026-1032,Visakhapatnam Bypass 6-Lane Expressway Expansion,Andhra Pradesh,Visakhapatnam,Highways & Expressways,370.0,264,38.1,70,3,True,True,18.7,23.7,High,4.0,Compensation Disbursement,122,1
LA-GU-2026-1033,Rajkot Block-IV Mineral Extraction & Processing Node,Gujarat,Rajkot,Mining & Coal Exploration,844.1,1508,14.3,22,0,True,True,0.0,0.0,Medium,4.6,Land Survey & Demarcation,30,0
LA-MA-2026-1034,Aurangabad Ring-Rail & Transit Oriented Development,Maharashtra,Aurangabad,Urban Metros & Smart Cities,915.4,470,3.5,25,1,False,True,0.0,0.0,Medium,5.6,Land Survey & Demarcation,90,1
LA-TA-2026-1035,Salem Ultra-Mega 500MW Solar Photovoltaic Park,Tamil Nadu,Salem,Renewable Energy & Solar Parks,513.2,1030,78.4,10,1,True,True,94.5,56.9,High,4.4,Final Acquisition Complete,4,0
LA-AN-2026-1036,Guntur Ring-Rail & Transit Oriented Development,Andhra Pradesh,Guntur,Urban Metros & Smart Cities,950.4,2074,57.6,64,0,True,True,22.2,45.7,Medium,4.8,Compensation Disbursement,58,0
LA-JH-2026-1037,Ranchi Dedicated Freight Rail Freight Corridor & Terminal,Jharkhand,Ranchi,Railways & Dedicated Freight,110.5,107,38.9,13,2,True,True,14.9,2.3,Medium,7.3,Objection / Legal Hearing (Sec 15),78,1
LA-TA-2026-1038,Salem Ultra-Mega 500MW Solar Photovoltaic Park,Tamil Nadu,Salem,Renewable Energy & Solar Parks,826.3,882,7.8,24,2,False,True,0.0,0.0,High,4.1,Land Survey & Demarcation,92,1
LA-MA-2026-1039,Indore Dedicated Freight Rail Freight Corridor & Terminal,Madhya Pradesh,Indore,Railways & Dedicated Freight,552.6,980,86.7,56,1,True,True,35.7,22.5,High,4.8,Rehabilitation & Resettlement (R&R),30,0
LA-UT-2026-1040,Gorakhpur Dedicated Freight Rail Freight Corridor & Terminal,Uttar Pradesh,Gorakhpur,Railways & Dedicated Freight,856.4,1811,2.0,12,0,True,True,0.0,0.0,High,5.9,Land Survey & Demarcation,26,0
LA-JH-2026-1041,East Singhbhum Bypass 6-Lane Expressway Expansion,Jharkhand,East Singhbhum,Highways & Expressways,312.6,320,91.5,24,0,True,True,78.5,51.2,High,6.7,Final Acquisition Complete,8,0
LA-MA-2026-1042,Nashik Multi-Village Barrage & Micro-Irrigation Canal,Maharashtra,Nashik,Irrigation & Water Reservoirs,330.9,809,42.3,28,2,True,True,15.4,22.7,High,5.0,Compensation Disbursement,62,0
LA-MA-2026-1043,Gwalior Multi-Village Barrage & Micro-Irrigation Canal,Madhya Pradesh,Gwalior,Irrigation & Water Reservoirs,670.5,578,1.8,4,0,False,False,0.0,0.0,High,5.6,Preliminary Investigation,42,1
LA-OD-2026-1044,Jharsuguda Multimodal Logistics Hub & Industrial Township,Odisha,Jharsuguda,Industrial Corridors & SEZ,1149.1,2702,2.6,26,0,False,True,0.0,0.0,Medium,6.6,Land Survey & Demarcation,80,1
LA-GU-2026-1045,Vadodara Dedicated Freight Rail Freight Corridor & Terminal,Gujarat,Vadodara,Railways & Dedicated Freight,672.0,653,89.6,27,1,True,True,88.1,62.2,High,4.0,Final Acquisition Complete,15,0
LA-AN-2026-1046,Guntur Multimodal Logistics Hub & Industrial Township,Andhra Pradesh,Guntur,Industrial Corridors & SEZ,282.2,597,98.3,18,0,True,True,82.8,63.1,High,5.0,Possession (Sec 38),0,0
LA-MA-2026-1047,Nagpur Ultra-Mega 500MW Solar Photovoltaic Park,Maharashtra,Nagpur,Renewable Energy & Solar Parks,28.2,46,74.9,14,1,True,True,73.2,83.3,High,4.5,Possession (Sec 38),0,0
LA-MA-2026-1048,Nagpur Ultra-Mega 500MW Solar Photovoltaic Park,Maharashtra,Nagpur,Renewable Energy & Solar Parks,1136.3,1747,70.8,25,0,True,True,87.0,98.6,Medium,4.0,Final Acquisition Complete,11,0
LA-JH-2026-1049,Hazaribagh Ring-Rail & Transit Oriented Development,Jharkhand,Hazaribagh,Urban Metros & Smart Cities,599.5,1271,84.0,11,0,True,True,80.1,93.2,Medium,5.4,Final Acquisition Complete,0,0
LA-TA-2026-1050,Madurai Bypass 6-Lane Expressway Expansion,Tamil Nadu,Madurai,Highways & Expressways,262.3,277,13.8,36,0,False,False,0.0,0.0,High,4.1,Preliminary Investigation,65,1
LA-MA-2026-1051,Bhopal Ring-Rail & Transit Oriented Development,Madhya Pradesh,Bhopal,Urban Metros & Smart Cities,51.8,41,11.7,42,1,False,True,0.0,0.0,Low,5.8,Notification (Sec 11),119,1
LA-OD-2026-1052,Jharsuguda Bypass 6-Lane Expressway Expansion,Odisha,Jharsuguda,Highways & Expressways,1096.2,1812,12.9,23,0,False,True,10.3,10.0,High,6.2,Objection / Legal Hearing (Sec 15),70,1
LA-UT-2026-1053,Varanasi Multimodal Logistics Hub & Industrial Township,Uttar Pradesh,Varanasi,Industrial Corridors & SEZ,506.9,1016,73.5,3,0,True,True,90.9,83.7,High,6.2,Possession (Sec 38),0,0
LA-UT-2026-1054,Varanasi Dedicated Freight Rail Freight Corridor & Terminal,Uttar Pradesh,Varanasi,Railways & Dedicated Freight,802.5,1886,85.6,47,0,True,True,17.9,46.1,High,5.3,Compensation Disbursement,25,0
LA-GU-2026-1055,Vadodara Multimodal Logistics Hub & Industrial Township,Gujarat,Vadodara,Industrial Corridors & SEZ,937.6,663,19.9,72,3,False,True,1.5,5.7,Medium,3.6,Compensation Assessment,125,1
LA-JH-2026-1056,Hazaribagh Block-IV Mineral Extraction & Processing Node,Jharkhand,Hazaribagh,Mining & Coal Exploration,176.3,384,70.5,10,0,False,True,24.7,63.4,Medium,5.6,Rehabilitation & Resettlement (R&R),20,0
LA-TA-2026-1057,Coimbatore Ring-Rail & Transit Oriented Development,Tamil Nadu,Coimbatore,Urban Metros & Smart Cities,293.9,413,2.9,34,1,False,True,0.0,0.0,Medium,4.1,Notification (Sec 11),100,1
LA-UT-2026-1058,Varanasi Multimodal Logistics Hub & Industrial Township,Uttar Pradesh,Varanasi,Industrial Corridors & SEZ,55.1,136,6.3,30,0,False,True,0.0,0.0,Medium,5.4,Land Survey & Demarcation,81,1
LA-AN-2026-1059,Visakhapatnam Multimodal Logistics Hub & Industrial Township,Andhra Pradesh,Visakhapatnam,Industrial Corridors & SEZ,531.7,1182,3.4,33,1,True,True,0.0,0.0,Low,4.0,Notification (Sec 11),90,1
LA-AN-2026-1060,Vijayawada Dedicated Freight Rail Freight Corridor & Terminal,Andhra Pradesh,Vijayawada,Railways & Dedicated Freight,63.1,38,22.7,52,3,False,True,13.6,19.1,High,4.5,Compensation Assessment,113,1
LA-AN-2026-1061,Visakhapatnam Block-IV Mineral Extraction & Processing Node,Andhra Pradesh,Visakhapatnam,Mining & Coal Exploration,359.9,787,41.3,65,3,True,True,43.7,21.8,Low,4.4,Compensation Disbursement,130,1
LA-JH-2026-1062,Ranchi Bypass 6-Lane Expressway Expansion,Jharkhand,Ranchi,Highways & Expressways,675.8,473,74.6,11,5,True,True,13.6,23.1,High,6.9,Rehabilitation & Resettlement (R&R),97,1
